Basho,Araiso,Asahiyama[1],Azumazeki,Fujishima[1],Furiwake,Futagoyama[1],Hanakago[1],Hanakago[2],Hanakago[3],Hanaregoma[1],Hatachiyama,Isegahama[2],Izutsu[2],Izutsu[3],Kabutoyama,Kagamiyama,Kasugayama[1],Kasugayama[2],Kasugayama[3],Kiriyama[2],Kise[1],Kumagatani[1],Kumagatani[2],Magaki[2],Magaki[3],Michinoku[1],Mihogaseki[1],Mihogaseki[2],Minatogawa[1],Minatogawa[2],Minezaki,Miyagino[1],Nakagawa[3],Nakagawa[4],Nakamura[1],Nakamura[2],Nishikijima,Nishonoseki[2],Oguruma,Oitekaze[3],Onaruto[1],Onaruto[2],Onogawa[3],Oshima[1],Oshiogawa[2],Oyama,Sadogatake[1],Sanoyama[1],Sanoyama[2],Shikihide[2],Tagonoura[2],Takanohana,Takashima[1],Takashima[2],Takekuma[2],Takekuma[3],Tamanoi[1],Tanigawa[1],Tanigawa[2],Tatekawa,Tatsutagawa,Tatsutayama[2],Tomozuna,Urakaze,Wakafuji,Wakamatsu,Yamawake
1889.05,,,,,,,,,,,,,,,,,,,,,,,,,,,,,,,,,,,,,,,,,,,,,,,,,,,,,,,,,,,,,,,,,,,
1890.01,,,,,,,,,,,,,,,,,,,,,,,,,,,,,,,,,,,,,,,,,,,,,,,,,,,,,,,,,,,,,,,,,,,
1890.05,,,,,,,,,,,,,,,,,,,,,,,,,,,,,,,,,,,,,,,,,,,,,,,,,,,,,,,,,,,,,,,,,,,
1891.01,,,,,,,,,,,,,,,,,,,,,,,,,,,,,,,,,,,,,,,,,,,,,,,,,,,,,,,,,,,,,,,,,,,
1891.05,,,,,,,,,,,,,,,,,,,,,,,,,,,,,,,,,,,,,,,,,,,,,,,,,,,,,,,,,,,,,,,,,,,
1892.01,,,,,,,,,,,,,,,,,,,,,,,,,,,,,,,,,,,,,,,,,,,,,,,,,,,,,,,,,,,,,,,,,,,
1892.06,,,,,,,,,,,,,,,,,,,,,,,,,,,,,,,,,,,,,,,,,,,,,,,,,,,,,,,,,,,,,,,,,,,
1893.01,,,,,,,,,,,,,,,,,,,,,,,,,,,,,,,,,,,,,,,,,,,,,,,,,,,,,,,,,,,,,,,,,,,
1893.05,,,,,,,,,,,,,,,,,,,,,,,,,,,,,,,,,,,,,,,,,,,,,,,,,,,,,,,,,,,,,,,,,,,
1894.01,,,,,,,,,,,,,,,,,,,,,,,,,,,,,,,,,,,,,,,,,,,,,,,,,,,,,,,,,,,,,,,,,,,
1894.05,,,,,,,,,,,,,,,,,,,,,,,,,,,,,,,,,,,,,,,,,,,,,,,,,,,,,,,,,,,,,,,,,,,
1895.01,,,,,,,,,,,,,,,,,,,,,,,,,,,,,,,,,,,,,,,,,,,,,,,,,,,,,,,,,,,,,,,,,,,
1895.06,,,,,,,,,,,,,,,,,,,,,,,,,,,,,,,,,,,,,,,,,,,,,,,,,,,,,,,,,,,,,,,,,,,
1896.01,,,,,,,,,,,,,,,,,,,,,,,,,,,,,,,,,,,,,,,,,,,,,,,,,,,,,,,,,,,,,,,,,,,
1896.05,,,,,,,,,,,,,,,,,,,,,,,,,,,,,,,,,,,,,,,,,,,,,,,,,,,,,,,,,,,,,,,,,,,
1897.01,,,,,,,,,,,,,,,,,,,,,,,,,,,,,,,,,,,,,,,,,,,,,,,,,,,,,,,,,,,,,,,,,,,
1897.05,,,,,,,,,,,,,,,,,,,,,,,,,,,,,,,,,,,,,,,,,,,,,,,,,,,,,,,,,,,,,,,,,,,
1898.01,,,,,,,,,,,,,,,,,,,,,,,,,,,,,,,,,,,,,,,,,,,,,,,,,,,,,,,,,,,,,,,,,,,
1898.05,,,,,,,,,,,,,,,,,,,,,,,,,,,,,,,,,,,,,,,,,,,,,,,,,,,,,,,,,,,,,,,,,,,
1899.01,,,,,,,,,,,,,,,,,,,,,,,,,,,,,,,,,,,,,,,,,,,,,,,,,,,,,,,,,,,,,,,,,,,
1899.05,,,,,,,,,,,,,,,,,,,,,,,,,,,,,,,,,,,,,,,,,,,,,,,,,,,,,,,,,,,,,,,,,,,
1900.01,,,,,,,,,,,,,,,,,,,,,,,,,,,,,,,,,,,,,,,,,,,,,,,,,,,,,,,,,,,,,,,,,,,
1900.05,,,,,,,,,,,,,,,,,,,,,,,,,,,,,,,,,,,,,,,,,,,,,,,,,,,,,,,,,,,,,,,,,,,
1901.01,,,,,,,,,,,,,,,,,,,,,,,,,,,,,,,,,,,,,,,,,,,,,,,,,,,,,,,,,,,,,,,,,,,
1901.05,,,,,,,,,,,,,,,,,,,,,,,,,,,,,,,,,,,,,,,,,,,,,,,,,,,,,,,,,,,,,,,,,,,
1902.01,,,,,,,,,,,,,,,,,,,,,,,,,,,,,,,,,,,,,,,,,,,,,,,,,,,,,,,,,,,,,,,,,,,
1902.05,,,,,,,,,,,,,,,,,,,,,,,,,,,,,,,,,,,,,,,,,,,,,,,,,,,,,,,,,,,,,,,,,,,
1903.01,,,,,,,,,,,,,,,,,,,,,,,,,,,,,,,,,,,,,,,,,,,,,,,,,,,,,,,,,,,,,,,,,,,
1903.05,,,,,,,,,,,,,,,,,,,,,,,,,,,,,,,,,,,,,,,,,,,,,,,,,,,,,,,,,,,,,,,,,,,
1904.01,,,,,,,,,,,,,,,,,,,,,,,,,,,,,,,,,,,,,,,,,,,,,,,,,,,,,,,,,,,,,,,,,,,
1904.05,,,,,,,,,,,,,,,,,,,,,,,,,,,,,,,,,,,,,,,,,,,,,,,,,,,,,,,,,,,,,,,,,,,
1905.01,,,,,,,,,,,,,,,,,,,,,,,,,,,,,,,,,,,,,,,,,,,,,,,,,,,,,,,,,,,,,,,,,,,
1905.05,,,,,,,,,,,,,,,,,,,,,,,,,,,,,,,,,,,,,,,,,,,,,,,,,,,,,,,,,,,,,,,,,,,
1906.01,,,,,,,,,,,,,,,,,,,,,,,,,,,,,,,,,,,,,,,,,,,,,,,,,,,,,,,,,,,,,,,,,,,
1906.05,,,,,,,,,,,,,,,,,,,,,,,,,,,,,,,,,,,,,,,,,,,,,,,,,,,,,,,,,,,,,,,,,Tomozuna-4-4-Maegashira #1 Kaizan--99-,,
1907.01,,,,,,,,,,,,,,,,,,,,,,,,,,,,,,,,,,,,,,,,,,,,,,,,,,,,,,,,,,,,,,,,,Tomozuna-5-5-Maegashira #1 Kaizan--99-,,
1907.05,,,,,,,,,,,,,,,,,,,,,,,,,,,,,,,,,,,,,,,,,,,,,,,,,,,,,,,,,,,,,,,Wakafuji-1-1-Maegashira #3 Ageshio-HB-101--Tomozuna-,,Tomozuna-5-5-Maegashira #1 Kaizan-BO-99--Maegashira #3 Ageshio-Wakafuji-,,
1908.01,,,,,,,,,,,,,,,,,,,,,,,,,,,,,,,,,,,,,,,,,,,,,,,,,,,,,,,,,,,,,,,Wakafuji-1-1-Maegashira #3 Ageshio--101-,,-,,
1908.05,,,,,,,,,,,,,,,,,,,,,,,,,,,,,,,,,,,,,,,,,,,,,,,,,,,,,,,,,,,,,,,Wakafuji-1-1-Maegashira #3 Ageshio--101-,,,,
1909.01,,,,,,,,,,,,,,,,,,,,,,,,,,,,,,,,,,,,,,,,,,,,,,,,,,,,,,,,,,,,,,,-,,,,
1909.06,,,,,,,,,,,,,,,,,,,,,,,,,,,,,,,,,,,,,,,,,,,,,,,,,,,,,,,,,,,,,,,,,,,
1910.01,,,,,,,,,,,,,,,,,,,,,,,,,,,,,,,,,,,,,,,,,,,,,,,,,,,,,,,,,,,,,,,,,,,
1910.06,,,,,,,,,,,,,,,,,,,,,,,,,,,,,,,,,,,,,,,,,,,,,,,,,,,,,,,,,,,,,,,,,,,
1911.02,,,,,,,,,,,,,,,,,,,,,,,,,,,,,,,,,,,,,,,,,,,,,,,,,,,,,,,,,,,,,,,,,,,
1911.06,,,,,,,,,,,,,,,,,,,,,,,,,,,,,,,,,,,,,,,,,,,,,,,,,,,,,,,,,,,,,,,,,,,
1912.01,,,,,,,,,,,,,,,,,,,,,,,,,,,,,,,,,,,,,,,,,,,,,,,,,,,,,,,,,,,,,,,,,,,
1912.05,,,,,,,,,,,,,,,,,,,,,,,,,,,,,,,,,,,,,,,,,,,,,,,,,,,,,,,,,,,,,,,,,,,
1913.01,,,,,,,,,,,,,,,,,,,,,,,,,,,,,,,,,,,,,,,,,,,,,,,,,,,,,,,,,,,,,,,,,,,
1913.05,,,,,,,,,,,,,,,,,,,,,,,,,,,,,,,,,,,,,,,,,,,,,,,,,,,,,,,,,,,,,,,,,,,
1914.01,,,,,,,,,,,,,,,,,,,,,,,,,,,,,,,,,,,,,,,,,,,,,,,,,,,,,,,,,,,,,,,,,,,
1914.05,,,,,,,,,,,,,,,,,,,,,,,,,,,,,,,,,,,,,,,,,,,,,,,,,,,,,,,,,,,,,,,,,,,
1915.01,,,,,,,,,,,,,,,,,,,,,,,,,,,,,,,,,,,,,,,,,,,,,,,,,,,,,,,,,,,,,,,,,,,
1915.06,,,,,,,,,,,,,,,,,,,,,,,,,,,,,,,,,,,,,,,,,,,,,,,,,,,,,,,,,,,,,,,,,,,
1916.01,,,,,,,,,,,,,,,,,,,,,,,,,,,,,,,,,,,,,,,,,,,,,,,,,,,,,,,,,,,,,,,,,,,
1916.05,,,,,,,,,,,,,,,,,,,,,,,,,,,,,,,,,,,,,,,,,,,,,,,,,,,,,,,,,,,,,,,,,,,
1917.01,,,,,,,,,,,,,,,,,,,,,,,,,,,,,,,,,,,,,,,,,,,,,,,,,,,,,,,,,,,,,,,,,,,
1917.05,,,,,,,,,,,,,,,,,,,,,,,,,,,,,,,,,,,,,,,,,,,,,,,,,,,,,,,,,,,,,,,,,,,
1918.01,,,,,,,,,,,,,,,,,,,,,,,,,,,,,,,,,,,,,,,,,,,,,,,,,,,,,,,,,,,,,,,,,,,
1918.05,,,,,,,,,,,,,,,,,,,,,,,,,,,,,,,,,,,,,,,,,,,,,,,,,,,,,,,,,,,,,,,,,,,
1919.01,,,,,,,,,,,,,,,,,,,,,,,,,,,,,,,,,,,,,,,,,,,,,,,,,,,,,,,,,,,,,,,,,,,
1919.05,,,,,,,,,,,,,,,,,,,,,,,,,,,,,,,,,,,,,,,,,,,,,,,,,,,,,,,,,,,,,,,,,,,
1920.01,,,,,,,,,,,,,,,,,,,,,,,,,,,,,,,,,,,,,,,,,,,,,,,,,,,,,,,,,,Tomozuna-6-5-Maegashira #1 Kaizan--99-,,,,,,,,,
1920.05,,,,,,Tomozuna-7-5-Maegashira #1 Kaizan--99-,,,,,,,,,,,,,,,,,,,,,,,,,,,,,,,,,,,,,,,,,,,,,,,,,,,,Tomozuna-7-5-Maegashira #1 Kaizan--99-,,,,,,,,,
1921.01,,,,,,Tomozuna-6-4-Maegashira #1 Kaizan-BO-99--Sekiwake Kurosegawa-Tanigawa[1]-,,,,,,,,,,,,,,,,,,,,,,,,,,,,,,,,,,,,,,,,,,,,,,,,,,,,Tomozuna-6-4-Maegashira #1 Kaizan-BO-99--Sekiwake Kurosegawa-Tanigawa[1]-,,,,,,,,,
1921.05,,,,,,Tomozuna-6-4-Komusubi Yahazuyama-HTBO-99--Maegashira #1 Toshuzan-Futagoyama[1]-,,,,,,,,,,,,,,,,,,,,,,,,,,,,,,,,,,,,,,,,,,,,,,,,,,,,-,,,,,,,,,
1922.01,,,,,,-,,,,,,,,,,,,,,,,,,,,,,,,,,,,,,,,,,,,,,,,,,,,,,,,,,,,-,,,,,,,,,
1922.05,,,,,,,,,,,,,,,,,,,,,,,,,,,,,,,,,,,,,,,,,,,,,,,,,,,,,,,,,,-,,,,,,,,,
1923.01,,,,,,,,,,,,,,,,,,,,,,,,,,,,,,,,,,,,,,,,,,,,,,,,,,,,,,,,,,-,,,,,,,,,
1923.05,,,,,,,,,,,,,,,,,,,,,,,,,,,,,,,,,,,,,,,,,,,,,,,,,,,,,,,,,,-,,,,,,,,,
1924.01,,,,,,,,,,,,,,,,,,,,,,,,,,,,,,,,,,,,,,,,,,,,,,,,,,,,,,,,,,-,,,,,,,,,
1924.05,,,,,,,,,,,,,,,,,,,,,,,,,,,,,,,,,,,,,,,,,,,,,,,,,,,,,,,,,,-,,,,,,,,,Dewanoumi-31-18-Komusubi Ryogoku--9-
1925.01,,,,,,,,,,,,,,,,,,,,,,,,,,,,,,,,,,,,,,,,,,,,,,,,,,,,,,,,,,-,,,,,,,,,Dewanoumi-33-20-Komusubi Ryogoku--9-
1925.05,,,,,,,,,,,,,,,,,,,,,,,,,,,,,,,,,,,,,,,,,,,,,,,,,,,,,,,,,,-,,,,,,,,,Dewanoumi-32-19-Komusubi Ryogoku-BO-9--Sekiwake Otoiwa-Yamawake-
1926.01,,,,,,,,,,,,,,,,,,,,,,,,,,,,,,,,,,,,,,,,,,,,,,,,,,,,,,,,,,-,,,,,,,,,-
1926.05,,,,,,,,,,,,,,,,,,,,,,,,,,,,,,,,,,,,,,,,,,,,,,,,,,,,,,,,,,-,,,,,,,,,
1927.01,,,,,,,,,,,,,,,,,,,,,,,,,,,,,,,,,,,,,,,,,,,,,,,,,,,,,,,,,,-,,,,,,,,,
1927.03,,,,,,,,,,,,,,,,,,,,,,,,,,,,,,,,,,,,,,,,,,,,,,,,,,,,,,,,,,-,,,,,,,,,
1927.05,,,,,,,,,,,,,,,,,,,,,,,,,,,,,,,,,,,,,,,,,,,,,,,,,,,,,,,,,,-,,,,,,,,,
1927.10,,,,,,,,,,,,,,,,,,,,,,,,,,,,,,,,,,,,,,,,,,,,,,,,,,,,,,,,,,-,,,,,,,,,
1928.01,,,,,,,,,,,,,,,,,,,,,,,,,,,,,,,,,,,,,,,,,,,,,,,,,,,,,,,,,,-,,,,,,,,,
1928.03,,,,,,,,,,,,,,,,,,,,,,,,,,,,,,,,,,,,,,,,,,,,,,,,,,,,,,,,,,-,,,,,,,,,
1928.05,,,,,,,,,,,,,,,,,,,,,,,,,,,,,,,,,,,,,,,,,,,,,,,,,,,,,,,,,,-,,,,,,,,Takasago-7-4-Ozeki Asashio--84-,
1928.10,,,,,,,,,,,,,,,,,,,,,,,,,,,,,,,,,,,,,,,,,,,,,,,,,,,,,,,,,,-,,,,,,,,Takasago-6-4-Ozeki Asashio--84-,
1929.01,,,,,,,,,,,,,,,,,,,,,,,,,,,,,,,,,,,,,,,,,,,,,,,Takasago-7-5-Ozeki Asashio-BO-84--Komusubi Izumigawa-Wakamatsu-,,,,,,,,,,,-,,,,,,,,Takasago-7-5-Ozeki Asashio-BO-84--Komusubi Izumigawa-Wakamatsu-,
1929.03,,,,,,,,,,,,,,,,,,,,,,,,,,,,,,,,,,,,,,,,,,,,,,,Takasago-8-5-Ozeki Asashio--84-,,,,,,,,,,,-,,,,,,,,-,
1929.05,,,,,,,,,,,,,,,,,,,,,,,,,,,,,,,,,,,,,,,,,,,,,,,Takasago-7-5-Ozeki Asashio-BO-84--Maegashira #1 Akutsugawa-Sadogatake[1]-,,,,,,,,,,,-,,,,,,,,-,
1929.09,,,,,,,,,,,,,,,,,,,,,,,,,,,,,,,,,,,,,,,,,,,,,,,-,,,,,,,,,,,-,,,,,,,,-,
1930.01,,,,,,,,,,,,,,,,,,,,,,,,,,,,,,,,,,,,,,,,,,,,,,,,,,,,,,,,,,-,,,,,,,,-,
1930.03,,,,,,,,,,,,,,,,,,,,,,,,,,,,,,,,,,,,,,,,,,,,,,,,,,,,,,,,,,-,,,,,,,,-,
1930.05,,,,,,,,,,,,,,,,,,,,,,,,,,,,,,,,,,,,,,,,,,,,,,,,,,,,,,,,,,-,,,,,,,,-,
1930.10,,,,,,,,,,,,,,,,,,,,,,,,,,,,,,,,,,,,,,,,,,,,,,,,,,,,,,,,,,-,,,,,,,,-,
1931.01,,,,,,,,,,,,,,,,,,,,,,,,,,,,,,,,,,,,,,,,,,,,,,,,,,,,,,,,,,-,,,,,,,,-,
1931.03,,,,,,,,,,,,,,,,,,,,,,,,,,,,,,,,,,,,,,,,,,,,,,,,,,,,,,,,,,-,,,,,,,,-,
1931.05,,,,,,,,,,,,,,,,,,,,,,,,,,,,,,,,,,,,,,,,,,,,,,,,,,,,,,,,,,-,,,,,,,,-,
1931.10,,,,,,,,,,,,,,,,,,,,,,,,,,,,,,,,,,,,,,,,,,,,,,,,,,,,,,,,,,-,,,,,,,,-,
1932.01,,,,,,,,,,,,,,,,,,,,,,,,,,,,,,,,,,,,,,,,,,,,,,,,,,,,,,,,,,-,,,,,,,,-,
1932.02,,,,,,,,,,,,,,,,,,,,,,,,,,,,,,,,,,,,,,,,,,,,,,,,,,,,,,,,,,-,,,,,,,,-,
1932.03,,,,,,,,,,,,,,,,,,,,,,,,,,,,,,,,,,,,,,,,,,,,,,,,,,,,,,,,,,-,,,,,,,,-,
1932.05,,,,,,,,,,,,,,,,,,,,,,,,,,,,,,,,,,,,,,,,,,,,,,,,,,,,,,,,,,-,,,,,,,,-,
1932.10,,,,,,,,,,,,,,,,,,,,,,,,,,,,,,,,,,,,,,,,,,,,,,,,,,,,,,,,,,-,,,,,,,,-,
1933.01,,,,,,,,,,,,,,,,,,,,,,,,,,,,,,,,,,,,,,,,,,,,,,,,,,,,,,,,,,-,,,,,,,,-,
1933.05,,,,,,,,,,,,,,,,,,,,,,,,,,,,,,,,,,,,,,,,,,,,,,,,,,,,,,,,,,-,,,,,,,,-,
1934.01,,,,,,,,,,,,,,,,,,,,,,,,,,,,,,,,,,,,,,,,,,,,,,,,,,,,,,,,,,-,,,,,,,,-,
1934.05,,,,,,,,,,,,,,,,,,,,,,,,,,,,,,,,,,,,,,,,,,,,,,,,,,,,,,,,,,-,,,,,,,,-,
1935.01,,,,,,,,,,,,,,,,,,,,,,,,,,,,,,,,,,,,,,,,,,,,,,,,,,,,,,,Dewanoumi-38-20-Komusubi Ryogoku--9-,,,-,,,,,,,,-,
1935.05,,,,,,,,,,,,,,,,,,,,,,,,,,,,,,,,,,,,,,,,,,,,,,,,,,,,,,,Dewanoumi-37-20-Komusubi Ryogoku--9-,,,-,,,,,,,,-,
1936.01,,,,,,,,,,,,,,,,,,,,,,,,,,,,,,,,,,,,,,,,,,,,,,,,,,,,,,,Dewanoumi-36-20-Komusubi Ryogoku-BO-9--Sekiwake Ryogoku-Takekuma[2]-,,,-,,,,,,,,-,
1936.05,,,,,,,,,,,,,,,,,,,,,,,,,,,,,,,,,,,,,,,,,,,,,,,,,,,,,,,-,,,-,,,,,,,,-,
1937.01,,,,,,,,,,,,,,,,,,,,,,,,,,,,,,,,,,,,,,,,,,,,,,,,,,,,,,,,,,-,,,,,,,,-,
1937.05,,,,,,,,,,,,,,,,,,,,,,,,,,,,,,,,,,,,,,,,,,,,,,,,,,,,,,,,,,-,,,,,,,,-,
1938.01,,,,,,,,,,,,,,,,,,,,,,,,,,,,,,,,,,,,,,,,,,,,,,,,,,,,,,,,,,-,,,,,,,,-,
1938.05,,,,,,,,,,,,,,,,,,,,,,,,,,,,,,,,,,,,,,,,,,,,,,,,,,,,,,,,,,-,,,,,,,,-,
1939.01,,,,,,,,,,,,,,,,,,,,,,,,,,,,,,,,,,,,,,,,,,,,,,,,,,,,,,,,,,-,,,,Nishikijima-7-1-Maegashira #1 Orochiyama--59-,,,,-,
1939.05,,,,,,,,,,,,,,,,,,,,,,,,,,,,,,,,,,,,,,,,,,,,,,Takasago-18-2-Ozeki Asashio--84-,,,,,,,,,,,,-,,,,Nishikijima-7-1-Maegashira #1 Orochiyama--59-,,,,-,
1940.01,,,,,,,,,,,,,,,,,,,,,,,,,,,,,,,,,,,,,Tatsutayama[2]-1-1-Ozeki Noshirogata-HB-96--Nishikijima-,,,,,,,,,Takasago-19-2-Ozeki Asashio--84-,,,,,,,,,,,,-,,,,Nishikijima-7-2-Maegashira #1 Orochiyama-BO-59--Ozeki Noshirogata-Tatsutayama[2]-,,,,-,
1940.05,,,,,,,,,,,,,,,,,,,,,,,,,,,,,,,,,,,,,Tatsutayama[2]-1-1-Ozeki Noshirogata--96-,,,,,,,,,Takasago-21-1-Ozeki Asashio-BO-84--Sekiwake Takanobori-Oyama-,,,,,,,,,,,,-,,,,-,,,,-,
1941.01,,,,,Tamanoi[1]-1-0-Juryo #1 Mutsunishiki--90-,,,,,,,,,,,,,,,,,,,,,,,,,,,,,,,,Tatsutayama[2]-1-1-Ozeki Noshirogata--96-,,,,,,,,,-,,,,,,,,,,,,-,,,,,,,,-,
1941.05,,,,,Tamanoi[1]-1-0-Juryo #1 Mutsunishiki--90-,,,,,,,,,,,,,,,,,,,,,,,,,,,,,,,,-,,,,,,,,,-,,,,,,,,,,,,-,,,,,,,,-,
1942.01,,,,,Tamanoi[1]-1-0-Juryo #1 Mutsunishiki-BO-90--Sekiwake Naminooto-Furiwake[1]-,,,,,,,,,,,,,,,,,,,,,,,,,,,,,,,,-,,,,,,,,,-,,,,,,,,,,,Furiwake[1]-1-1-Sekiwake Naminooto-HB-13--Tamanoi[1]-,-,,,,,,,,-,
1942.05,,,,,-,,,,,,,,,,,,,,,,,,,,,,,,,,,,,,,,-,,,,,,,,,-,,,,,,,,,,,Furiwake[1]-1-1-Sekiwake Naminooto--13-,-,,,,,,,,-,
1943.01,,,,,,,,,,,,,,,,,,,,,,,,,,,,,,,,,,,,,-,,,,,,,,,-,,,,,,,,,,,Furiwake[1]-1-0-Sekiwake Naminooto--13-,-,,,,,,,,-,
1943.05,,,,,,,,,,,,,,,,,,,,,,,,,,,,,,,,,,,,,-,,,,,,,,,-,,,,,,,,,,,-,-,,,,,,,,-,
1944.01,,,,,,,,,,,,,,,,,,,,,,,,,,,,,,,,,,,,,-,,,,,,,,,-,,,,,,,,,,,,-,,,,,,,,-,
1944.05,,,,,,,,,,,,,,,,,,,,,,,,,,,,,,,,,,,,,-,,,,,,,,,-,,,,,,,,,,,,-,,,,,,,,-,
1944.11,,,,,,,,,,,,Tanigawa[1]-1-0-Sekiwake Kurosegawa--91-,,,,,,,,,,,,,,,,,,,,,,,,,-,,,,,,,,,-,,,,,,,,,,,,-,,,,,,,,-,
1945.06,,,,,,,,,,,,Tanigawa[1]-1-0-Sekiwake Kurosegawa--91-,,,,,,,,,,,,,,,Dewanoumi-35-18-Komusubi Ryogoku--9-,,,,,,,,,,-,,,,,,,,,-,,,,,,,,,,,,Isegahama[2]-22-9-Sekiwake Kiyosegawa--24-,,,,,,,,-,
1945.11,,,,,,,-,,,,,Tanigawa[1]-1-0-Sekiwake Kurosegawa-HS-91--Isegahama[2]-,,,,,Tatsunami-19-9-Komusubi Midorishima--94-,,,,,,,,,,Dewanoumi-31-15-Komusubi Ryogoku--9-,,,,,,,,,,-,,,,,,,,,-,,,,,,,,,,,,Isegahama[2]-22-9-Sekiwake Kiyosegawa--24-,,,,,,,,-,
1946.11,,,,,,,Takasago-22-11-Yokozuna Maedayama--84-,,,,,-,,,,,Tatsunami-21-9-Komusubi Midorishima--94-,,,,,,,,,,Dewanoumi-26-12-Komusubi Ryogoku-HM-9--Mihogaseki[1],,,,,,,,,,-,,,,,,,,,-,,,,,,,,,,,,Isegahama[2]-23-9-Sekiwake Kiyosegawa-HM-24--Tanigawa[1],,,,,,,,-,
1947.06,,,,,,,Takasago-21-8-Yokozuna Maedayama--84-,,,,,-,,,,,Tatsunami-25-10-Komusubi Midorishima-HM-94--Kasugayama[1],,,,,,,,,,-,,,,,,,,,,-,,,,,,,,,-,,,,,,,,,,,,,,,,,,,,-,
1947.11,,,,,,,Takasago-23-9-Yokozuna Maedayama-HM-84--Hanakago[1],,,,,-,,,,,-,,,,,,,,,,,,,,,,,,,,-,,,,,,,,,-,,,,,,,,,,,,,,,,,,,,-,
1948.05,,,,,,,,,,,,-,,,,,,,,,,,,,,,,,,,,,,,,,-,,,,,,,,,-,,,,,,,,,,,,,,,,,,,,-,
1948.10,,,,,,,,,,,,-,,,,,,,,,,,,,,,,,,,,,,,,,-,,,,,,,,,-,,,,,,,,,,,,,,,,,,,,-,
1949.01,,,,,,,,,,,,-,,,,,,,,,,,,,,,,,,,,,,,,,-,,,,,,,,,-,,,,,,,,,,,,,,,,,,,,-,
1949.05,,,,,,,,,,,,-,,,,,,,,,,,,,,,,,,,,,,,,,Isenoumi[3]-5-0-Maegashira #1 Kashiwado-HB-25--Nishikijima-,,,,,,,,,-,,,,,,,,,,,,,,,,,,,,-,
1949.10,,,,,,,,,,,,-,,,,,,,,,,,,,,,,Dewanoumi-31-15-Yokozuna Tsunenohana--9-,,,,,,,,,Isenoumi[3]-5-0-Maegashira #1 Kashiwado--25-,,,,,,,,,-,,,,,,,,,,,,,,,,,,,,-,
1950.01,,,,,,,,,,,,-,,,,,,,,,,,,,,,,Dewanoumi-33-16-Yokozuna Tsunenohana--9-,,,,,,,,,Isenoumi[3]-7-0-Maegashira #1 Kashiwado--25-,,,,,,,,,-,,,,,,,,,,,,,,,,,,,,-,
1950.05,,,,,,,,,,,,-,,,,,,,,,,,,,,,,Dewanoumi-31-16-Yokozuna Tsunenohana-BO-9--Ozeki Masuiyama I-Mihogaseki[2]-,,,,,,,,,-,,,,,,,,,-,,,,Nishikijima-4-3-Maegashira #1 Orochiyama--59-,,,,,,,,,,,,,,,,-,
1950.09,,,,,,,,,,,,-,,,,,,,,,,,,,,,,-,,,,,,,,,-,,,,,,,,,-,,,,Nishikijima-5-3-Maegashira #1 Orochiyama--59-,,,,,,,,,,,,,,,,-,
1951.01,,,,,,,,,,,,-,,,,,,,,,,,,,,,,-,,,,,,,,,Shikihide[2]-1-0-Maegashira #11 Ariake-HB-78--Nishikijima-,,,,,,,,,-,,,,Nishikijima-5-3-Maegashira #1 Orochiyama-BO-59--Maegashira #11 Ariake-Shikihide[2]-,,,,,,,,,,,,,,,,-,
1951.05,,,,,,,,,,,,-,,,,,,,,,,,,,,,,-,,,,,,,,,Shikihide[2]-1-0-Maegashira #11 Ariake--78-,,,,,,,,,-,,,,-,,,,,,,,,,,,,,,,-,
1951.09,,,,,,,,,,,,-,,,,,,,,,,,,,,,,-,,,,,,,,,Shikihide[2]-1-0-Maegashira #11 Ariake--78-,,,,,,,,,-,,,,,,,,,,,,,,,,,,,,-,
1952.01,,,,,,,,Nishonoseki[2]-45-11-Ozeki Saganohana--60-,,,,-,,,,,,,,,,,,,,,,-,,,,,,,,,-,,,,,,,,,-,,,,,,,,,,,,,,,,,,,,-,
1952.05,,,,,,,,Nishonoseki[2]-42-9-Ozeki Saganohana--60-,,,,-,,,,,,,,,,,,,,,,-,,,,,,,,,-,,,,,,,,,-,,,,,,,,,,,,,,,,,,,,-,
1952.09,,,,,,,,Nishonoseki[2]-33-6-Ozeki Saganohana-BO-60--Maegashira #3 Onoumi-Hanakago[2]-Shibatayama,,,,-,,,,,,,,,,,,,,,,-,,,,,,,,,-,Hanakago[2]-7-3-Maegashira #3 Onoumi-HB-77-Shibatayama-Nishonoseki[2]-,,,,,,,,-,,,,,,,,,,,,,,,,,,,,-,
1953.01,,,,,,,,-,,,,-,,,,,,,,,,,,,,,,-,,Nishonoseki[2]-32-6-Ozeki Saganohana--60-,,,,,,,-,Hanakago[2]-7-2-Maegashira #3 Onoumi--77-Shibatayama,,,,,,,,-,,,,,,,,,,,,,,,,,,,,-,
1953.03,,,,,,,,-,,,,-,,,,,,,,,,,,,,,,-,,Nishonoseki[2]-31-6-Ozeki Saganohana--60-,,,,,,,-,Hanakago[2]-9-2-Maegashira #3 Onoumi--77-Shibatayama,,,,,,,,-,,,,,,,,,,,,,,,,,,,,-,
1953.05,,,,,,,,-,,,,-,,,,,,,,,,,,,,,,-,,Nishonoseki[2]-31-6-Ozeki Saganohana-BO-60--Maegashira #1 Tokachiiwa-Minatogawa[2]-,,,,,,,-,-,,,,,,,,-,,,,,,,,,,,,,,,,,,,,-,
1953.09,,,,,,,,-,,,,-,,,,,,,,,,,,,,,,-,,-,,,,,,,-,-,,,,,,,,-,,,,,,,,,,,,,,,,,,,,-,
1954.01,,,,,,,,-,,,,-,,,,,,,,,,,,,,,,-,,-,,,,,,,-,-,,,,,,,,-,,,,,,,,,,,,,,,,,,Isegahama[2]-27-9-Yokozuna Terukuni--2-Araiso,,-,
1954.03,,,,,,,,-,,,,-,,,,,,,,,,,,,,,,-,,-,,,,,,,-,-,,,,,,,,-,,,,,,,,,,,,,,,,,,Isegahama[2]-27-9-Yokozuna Terukuni--2-Araiso,,-,
1954.05,,,,,,,,-,,,,-,,,,,,,,,,,,,,,,-,,-,,,,,,,-,-,,,,,,,,-,,,,,,,,,,,,,,,,,,Isegahama[2]-28-8-Yokozuna Terukuni-BO-2-Araiso-Maegashira #5 Taroyama-Urakaze-,,-,
1954.09,,,,,,,,-,,,,-,,,,,,,,,,,,,,,,-,,-,,,,,,,-,-,,,,,,,,-,,Takasago-30-11-Yokozuna Maedayama--84-,,,,,,,,,,,,,,,,-,,-,
1955.01,,,,,,,,-,,,,-,,,,,,Tatsunami-36-11-Yokozuna Haguroyama--94-,,,,,,,,,,-,,-,,,,,,,-,-,,,,,,,,-,,Takasago-27-10-Yokozuna Maedayama--84-,,,,,,,,,,,,,,,,,,-,
1955.03,,,,,,,,-,,,,Urakaze-1-0-Maegashira #5 Taroyama--100-,,,,,,Tatsunami-36-11-Yokozuna Haguroyama--94-,,,,,,,,,,-,,-,,,,,,,-,-,,,,,,,,-,,Takasago-29-10-Yokozuna Maedayama-BO-84--Maegashira #2 Asahibiki-Sanoyama[1]-,,,,,,,,,,,,,,,,,,-,
1955.05,,,,,,,,-,,,,Urakaze-1-0-Maegashira #5 Taroyama--100-,,,,,,Tatsunami-34-10-Yokozuna Haguroyama-BO-94--Ozeki Nayoroiwa-Kasugayama[2]-,,,,,,,,,,-,,-,,,,,,,-,-,,,,,,,,-,,-,,,,,,,,,,,,,,,,,,-,
1955.09,,,,,,,,-,,,,Urakaze-1-0-Maegashira #5 Taroyama--100-,,,,,,-,,,,,,,,,,-,,-,,,,,,,-,Sadogatake[2]-3-0-Komusubi Kotonishiki-HB-72--Nishonoseki[2]-,,,,,,,,-,,-,,,,,,,,,,,,,,,,,,-,
1956.01,,,,,,,,-,,,,-,,,,,,-,,,,,,,,,,-,,-,,,,,,,-,Sadogatake[2]-4-0-Komusubi Kotonishiki--72-,,,,,,,,-,,-,,,,,,,,,,,,,,,,,,-,
1956.03,,,,,,,,-,,,,-,,,,,,-,,,,,,,,,,-,,-,,,,,,,-,Sadogatake[2]-4-0-Komusubi Kotonishiki--72-,,,,,,,,-,,-,,,,,,,,,,,,,,,,,,-,
1956.05,,,,,,,,-,,,,Kumagatani[1]-2-0-Maegashira #4 Shikishima--41-,,,,,,-,,,,,,,,,,-,,-,,Oshima[2]-21-6-Komusubi Tomoegata--86-Takashima,,,,,-,-,,,,,,,,-,,-,,,,,,,,,,,,,,,,,,-,
1956.09,,,,,,,,-,,,,Kumagatani[1]-1-0-Maegashira #4 Shikishima--41-,,,,,,-,,,,Isegahama[2]-29-8-Yokozuna Terukuni--2-Araiso,,,,,,-,,-,,Oshima[2]-23-6-Komusubi Tomoegata--86-Takashima,,,,,-,-,,,,,,,,-,,-,,,,,,,,,,,,,,,,,,-,
1957.01,,,,,,,,-,,,,Kumagatani[1]-1-0-Maegashira #4 Shikishima-HS-41--Isegahama[2]-Araiso,,,,,,-,,,,Isegahama[2]-27-7-Yokozuna Terukuni--2-Araiso,,,,,,-,,-,,Oshima[2]-25-7-Komusubi Tomoegata-HM-86-Takashima-Miyagino[1],,,,,-,-,,,,,,,,-,,-,,,,,,,,,,,,,,,,,,-,
1957.03,,,,,,,,-,,,,-,,,,,,-,,,,Isegahama[2]-29-8-Yokozuna Terukuni-HM-2-Araiso-Kumagatani[1],,,,,,-,,-,,-,,,,,-,-,,,,,,,,-,,-,,,,,,,,,,,,,,,,,,-,
1957.05,,,,,,,,-,,,,-,,,,,,-,,,,-,,,,,,-,,-,,,,,,,-,-,,,,,,,,-,,-,,,,,,,,,,,,,,,,,,-,
1957.09,,,,,,,,-,,,,-,,,,,,-,,,,,,,,,,-,,-,,,,,,,-,-,,,,,,,,-,,-,,,,,,,,,,,,,,,,,,-,
1957.11,,,,,,,,-,,,,-,,,,,,-,,,,,,,,,,-,,-,,,,,,,-,-,,,,,,,,-,,-,,,,,,,,,,,,,,,,,,-,
1958.01,,,,,,,,-,,,,-,,,,,,-,,,,,,,,,,-,,-,,,,,,,-,-,,,,,,,,-,,-,,,,,,,,,,,,,,,,,,-,
1958.03,,,,,,,,-,,,,-,,,,,,-,,,,,,,,,,-,,-,,,,,,,-,-,,,,,,,,-,,-,,,,,,,,,,,,,,,,,,-,
1958.05,,,,,,,,-,,,,-,,,,,,-,,,,,,,,,,-,,-,,,,,,,-,-,,,,,,,,-,,-,,,,,,,,,,,,,,,,,,-,
1958.07,,,,,,,,-,,,,-,,,,,,-,,,,,,,,,,-,,-,,,,,,,-,-,,,,,,,,-,,-,,,,,,,,,,,,,,,,,,-,
1958.09,,,,,,,,-,,,,-,,,,,,-,,,Isegahama[2]-33-8-Yokozuna Terukuni--2-Araiso,,,,,,,-,,-,,,,,,,-,-,,,,,,,,-,,-,,,,,,,,,,,,,,,,,,-,
1958.11,,,,,,,,-,,,,-,,,,,,-,,,Isegahama[2]-36-9-Yokozuna Terukuni--2-Araiso,,,Oitekaze[3]-7-0-Ozeki Shimizugawa--62-,,,,-,,-,,,,,,,-,-,,,,,,,,-,,-,,,,,,,,,,,,,,,,,,-,
1959.01,,,,,,,,-,,,,-,,,,,,-,,,Isegahama[2]-37-8-Yokozuna Terukuni-BO-2-Araiso-Maegashira #1 Katsuragawa-Kise[1]-,,,Oitekaze[3]-7-1-Ozeki Shimizugawa--62-,,,,-,,-,,,,,,,-,-,,,,,,,,-,,-,,,,,,,,,,,,,,,,,,-,
1959.03,,,,,,,,-,,,,Kise[1]-1-0-Maegashira #1 Katsuragawa--37-,,,,,,-,,,-,,,Oitekaze[3]-7-1-Ozeki Shimizugawa-BO-62--Komusubi Shimizugawa-Magaki[2]-,,,,-,,-,,,,,,,-,-,,Magaki[2]-2-0-Komusubi Shimizugawa-HB-43--Oitekaze[3]-,,,,,,-,,-,,,,,,,,,,,,,,,,,,-,
1959.05,,,,,,,,-,,,,Kise[1]-1-0-Maegashira #1 Katsuragawa--37-,,,,,,-,,,-,,,-,,,,-,,-,,,,,,,-,-,,Magaki[2]-3-0-Komusubi Shimizugawa--43-,,,,,,-,,-,,,,,,,,,,,,,,,,,,-,
1959.07,,,,,,,,-,,,,Kise[1]-1-0-Maegashira #1 Katsuragawa--37-,,,,,,-,,,-,,,,,,,-,,-,,,,,,,-,-,,Magaki[2]-3-0-Komusubi Shimizugawa--43-,,,,,,-,,-,,,,,,,,,,,,,,,,,,-,
1959.09,,,,,,,,-,,,,-,,,,,,-,,,-,,,,,,,-,,-,,,,,,,-,-,,-,,,,,,-,,-,,,,,,,,,,,,,,,,,,-,
1959.11,,,,,,,,-,,,,-,,,,,,-,,,-,,,,,,,-,,-,,,Tatsunami-50-8-Yokozuna Haguroyama--94-,,,,-,-,,-,,,,,,-,,Takasago-45-11-Yokozuna Maedayama--84-,,,,,,,,,,,,,,,,,,-,
1960.01,,,,,,,,-,,,,-,,,,,,-,,,-,,,,,,,-,,-,,,Tatsunami-51-7-Yokozuna Haguroyama--94-,,,,-,-,,-,,,,,,-,,Takasago-45-9-Yokozuna Maedayama--84-,,,,,Oshima[2]-7-3-Komusubi Tomoegata--86-Takashima,,,,,,,Nishikijima-4-0-Gyoji Kimura Kesazo--59-,,,,,,-,
1960.03,,,,,,,,-,,,,-,,,,,,-,,,-,,,,,,,-,,-,,,Tatsunami-50-8-Yokozuna Haguroyama-BO-94--Maegashira #2 Kiyoenami-Nakagawa[3]-,,,,-,-,,-,,,,,,-,,Takasago-49-8-Yokozuna Maedayama-HM-84--Sanoyama[1],,,,,Oshima[2]-7-2-Komusubi Tomoegata--86-Takashima,,,,,,,Nishikijima-5-0-Gyoji Kimura Kesazo--59-,,,,,,-,
1960.05,,,,,,,,-,,,,-,,,,,,-,,,-,,,,,,,-,,-,,,-,,,,-,-,,-,Asahiyama[1]-13-2-Sekiwake Kozuzan-BO-4--Maegashira #2 Futaseyama-Onaruto[1]-,,,,,-,,,,,,,Oshima[2]-5-2-Komusubi Tomoegata-BO-86-Takashima-Ozeki Mitsuneyama-Takashima[1]-Kumagatani,,,,,,,Nishikijima-5-0-Gyoji Kimura Kesazo-BO-59--Maegashira #10 Hiodoshi-Tatekawa-,,,,,,-,
1960.07,,Onaruto[1]-1-0-Maegashira #2 Futaseyama--63-,,,,,,-,,,,-,,,,,,-,,,-,,,,,,,-,,-,,,,,,,-,-,,-,Asahiyama[1]-12-2-Sekiwake Kozuzan--4-,,,,,-,,,,,,,-,,,,,,,-,,,,,,-,
1960.09,,Onaruto[1]-2-0-Maegashira #2 Futaseyama--63-,,,,,,-,,,,-,,,,,,-,,,-,,,,,,,-,,-,,,,,,,-,-,,-,Asahiyama[1]-12-2-Sekiwake Kozuzan--4-,,,,,-,,,,,,,-,,,,,,,,,,,,,-,
1960.11,,Onaruto[1]-2-0-Maegashira #2 Futaseyama--63-,,,,,,-,,,,-,,,,,,-,,,-,,,,,,,-,,-,,,,,,,-,-,,-,-,,,,,-,,,,,,,-,,,,,,,,,,,,,-,
1961.01,,-,,,,,,-,,,,-,,,,,,-,,,-,,,,,,,-,,-,,,,,,,-,-,,-,-,,,,,-,,,,,,,-,,,,,,,,,,,,,-,
1961.03,,-,,,,,,-,,,,-,,,,,,-,,,-,,,,,,,-,,-,,,,,,,-,-,,-,-,,,,,-,,,Takasago-51-9-Yokozuna Maedayama--84-,,,,-,,,,,,,,,,,,,-,
1961.05,,-,,,,,,-,,,,-,,,,,,-,,,-,,,,,,,-,,-,,,,,Nishonoseki[2]-66-6-Ozeki Saganohana-BO-60--Sekiwake Tamanoumi-Kataonami-,,-,-,,-,-,,,,,-,,,Takasago-50-10-Yokozuna Maedayama--84-,,,,-,,,,,,,,,,,,,-,
1961.07,,-,,,,,,-,,,,-,,,,,,-,,,-,,,,,,,-,,-,,,,,Nishonoseki[2]-68-7-Ozeki Saganohana--60-,,-,-,,-,-,,,,,-,,,Takasago-48-8-Yokozuna Maedayama-BO-84--Komusubi Kuninobori-Sanoyama[2]-,,,,-,,,,,,,,,,,,,-,
1961.09,,-,,,,,,-,,,,-,,,,,,-,,,-,,,,,,,-,,-,,,,,Nishonoseki[2]-70-7-Ozeki Saganohana-HM-60--Nakamura[1],,-,-,,-,-,,,,,-,,,-,,,,-,,,,,,,,,,,,,-,
1961.11,,-,,,,,,-,,,,-,,,,,,-,,,-,,,,,,,-,,-,,,,,-,,-,-,,-,-,,,,,-,,,,,,,-,,,,,,,,,,,,,-,
1962.01,,-,,,,,,-,,,,-,,,,,,-,,,-,,,,,,,-,,-,,,,,,,-,-,,-,-,,,,,-,,,,,,,-,,,,,,,,,,,,,-,
1962.03,,-,,,,,,-,,,,-,,,,,,-,,,-,,,,,,,-,,-,,,,,,,-,-,,-,-,,,,,-,,,,,,Hanakago[2]-67-7-Maegashira #3 Onoumi--17-,-,,,,,,,,,,,,,-,
1962.05,,-,,,,,,-,,,,-,,,,,,-,,,-,,,,,,,-,,-,,,,,,,-,-,,-,-,,,,,-,,,,,,Hanakago[2]-58-6-Maegashira #3 Onoumi--17-,-,,,,,,Isegahama[2]-50-6-Yokozuna Terukuni--24-,,,,,,,-,
1962.07,,-,,,,,,Takanohana-8-0-Yokozuna Wakanohana I-HB-14-Futagoyama-Hanakago[2]-,,,,-,,,,,,-,,,-,,,,,,,-,,-,,,,,,,-,-,,-,-,,,,,-,,,,,,Hanakago[2]-55-7-Maegashira #3 Onoumi-BO-17--Yokozuna Wakanohana I-Takanohana-Futagoyama,-,,,,,,Isegahama[2]-48-5-Yokozuna Terukuni--24-,,,,,,,-,
1962.09,,-,,,,,,Takanohana-10-0-Yokozuna Wakanohana I--14-Futagoyama,,,,Tanigawa[2]-1-0-Juryo #5 Yahatano-HB-91--Isegahama[2]-,,,,,,-,,,-,,,,,,,-,,-,,,,,,,-,-,,-,-,,,,,-,,,,,,-,-,,,,,,Isegahama[2]-48-4-Yokozuna Terukuni-BO-24--Juryo #5 Yahatano-Tanigawa[2]-,,,,,,,-,
1962.11,,-,,,,,,Takanohana-11-0-Yokozuna Wakanohana I--14-Futagoyama,,,,Tanigawa[2]-1-0-Juryo #5 Yahatano--91-,,,,,,-,,,-,,,,,,,-,,-,,,,,,,-,-,,-,-,,,,,-,,,,,,-,-,,,,,,-,,,,,,,-,
1963.01,,Onaruto[1]-5-0-Maegashira #2 Futaseyama--63-,,,,,,-,,,,Tanigawa[2]-1-0-Juryo #5 Yahatano--91-,,,,,,-,,,-,,,,,,,-,,-,,,,,,,-,-,,-,-,,,,,-,,,,,,-,-,,,,,,,,,,,,,-,
1963.03,,Onaruto[1]-5-0-Maegashira #2 Futaseyama--63-,,,,,,-,,,,-,,,,,,-,,,-,,,,,,,-,,-,,,,,,,-,-,,-,Asahiyama[1]-14-1-Sekiwake Kozuzan--4-,,,,,-,,,,,,-,-,,,,,,,,,,,,,-,
1963.05,,Onaruto[1]-5-0-Maegashira #2 Futaseyama-HS-63--Asahiyama[1]-,,,,,,-,,,,-,,,,,,-,,,-,,,,,,,-,,-,,,,,,,-,-,,-,Asahiyama[1]-14-1-Sekiwake Futaseyama-HT-4-,,,,,-,,,,,,-,-,,,,,,,,,,,,,-,
1963.07,,-,,,,,,-,,,,-,,,,,,-,,,-,,,,,,,-,,-,,,,,,,-,-,,-,Asahiyama[1]-21-1-Sekiwake Futaseyama-HM-4--Onaruto[1],,,,,-,,,,,,-,-,,,,,,,,,,,,,-,
1963.09,,-,,,,,,-,,,,-,,,,,,-,,,-,,,,,,,-,,-,,,,,,,-,-,,-,,,,,,-,,,,,,-,-,,,,,,,,,,,,,-,
1963.11,,-,,,,,,-,,,,-,,,,,,-,,,-,,,,,,,-,,-,,,,,,,Tokitsukaze-51-11-Yokozuna Futabayama--97-,-,,-,,,,,,-,,,,,,-,-,,,,,,,,,,,,,-,
1964.01,,-,,,,,,-,,,,-,,,,,,-,,,-,,,,,,,-,,-,,,,,,,Tokitsukaze-53-11-Yokozuna Futabayama--97-,-,,-,,,,,,-,,,,,,-,-,,,,,,,,,,,,,-,
1964.03,,-,,,,,,-,,,,-,,,,,,-,,,-,,,,,,,-,,-,,,,,,,Tokitsukaze-58-11-Yokozuna Futabayama-HM-97--Nishikijima,-,,-,,,,,,-,,,,,,-,-,,,,,,,,,,,,,-,
1964.05,,-,,,,,,-,,,,-,,,,,,-,,,-,,,,,,,-,,-,,,,,,,,Minatogawa[2]-3-0-Maegashira #1 Tokachiiwa--49-,,-,,,,,,-,,,,,,-,-,,,,,,,,,,,,,-,
1964.07,,-,,,,,,-,,,,-,,,,,,-,,,-,,,,,,,-,,Nishonoseki[2]-59-7-Ozeki Saganohana--60-,,,,,,,,Minatogawa[2]-3-0-Maegashira #1 Tokachiiwa--49-,,-,,,,,,-,,,,,,-,-,,,,,,,,,,,,,-,
1964.09,,-,,,,,,-,,,,-,,,,,,-,,,-,,,,,,,-,,Nishonoseki[2]-58-7-Ozeki Saganohana--60-,,,,,,,,Minatogawa[2]-3-0-Maegashira #1 Tokachiiwa-HS-49--Nishonoseki[2]-,,Tatsunami-50-8-Yokozuna Haguroyama--94-,,,Dewanoumi-65-10-Maegashira #1 Dewanohana--9-,,,-,,,,,,-,-,,,,,,,,,,,,,-,
1964.11,,-,,,,,,-,,,,-,,,,,,-,,,-,,,,,,,-,,Nishonoseki[2]-59-7-Ozeki Saganohana-HM-60--Minatogawa[2],,,,,,,,-,,Tatsunami-51-8-Yokozuna Haguroyama--94-,,,Dewanoumi-65-9-Maegashira #1 Dewanohana--9-,,,-,,,,,,-,-,,,,,,,,,,,,,-,
1965.01,,-,,,,,,-,,,,-,,,,,,-,,,-,,,,,,,-,,,,,,,,,,-,,Tatsunami-56-9-Yokozuna Haguroyama-HM-94--Oitekaze[3],,,Dewanoumi-72-11-Maegashira #1 Dewanohana-HM-9--Onogawa[3],,,-,,,,,,-,-,,,,,,,,,,,,,-,
1965.03,,-,,,,,,-,,,,-,,,,,,-,,,-,,,,,,,-,,,,,,,,,,-,,,,,-,,,-,,,,,,-,-,,,,,,,,,,,,,-,
1965.05,,-,,,,,,-,,,,-,,,,,,-,,,-,,,,,,,-,,,,,,,,,,-,,,,,,,,-,,,,,,-,-,,,,,,,,,,,,,-,
1965.07,,-,,,,,,-,,,,-,,,,,,-,,,-,,,,,,,-,,,,,,,,,,-,,,,,,,,-,,,,,,-,-,,,,,,,,,,,,,-,
1965.09,,-,,,,,,-,,,,-,,,,,,-,,,-,,,,,,,-,,,,,,,,,,-,,,,,,,,-,,,,,,-,-,,,,,,,,,,,,,-,
1965.11,,-,,,,,,-,,,,-,,,,,,-,,,-,,,,,,,-,,,,,,,,,,-,,,,,,,,-,,,,,,-,-,,,,,,,,,,,,,-,
1966.01,,-,,,,,,-,,,,-,,,,,,-,,,-,,,,,,,-,,,,,,,,,,-,,,,,,,,-,,,,,,-,-,,,,,,,,,,,,,-,
1966.03,,-,,,,,,-,,,,-,,,,,,-,,,-,,,,,,,-,,,,,,,,,,-,,,,,,,,-,,,,,,-,-,,,,,,,,,,,,,-,
1966.05,,-,,,,,,-,,,,-,,,,,,-,,,-,,,,,,,-,,,,,,,,,,-,,,,,,,,-,,,,,,-,-,,,,,,,,,,,,,-,
1966.07,,-,,,,,,-,,,,-,,,,,,-,,,-,,,,,,,-,,,,,,,,,,-,,,,,,,,-,,,,,,-,-,,,,,,,,,,,,,-,
1966.09,,-,,,,,,-,,,,-,,,,,,-,,,-,,,,,,,-,,,,,,,,,,-,,,,,,,,-,,,,,,-,-,,,,,,,,,,,,,-,
1966.11,,-,,,,,,-,,,,-,,,,,,-,,,-,,,,,,,-,,,,,,,,,,-,,,,,,,,-,,,,,,-,-,,,,,,,,,,,,,-,
1967.01,,-,,,,,,-,,,,-,,,,,,-,,,-,,,,,,,-,,,,,,,,,,-,,,,,,,,-,,,,,,-,-,,,,,,,,,,,,,-,
1967.03,,-,,,,,,-,,,,-,,,,,,-,,,-,,,,,,,-,,,,,,,,,,-,,,,,,,,-,,,,,,-,-,,,,,,,,,,,,,-,
1967.05,,-,,,,,,-,,,,-,,,,,,-,,,-,,,,,,,-,,,,,,,,,,-,,,,,,,,-,,,,,,-,-,,,,,,,,,,,,,-,
1967.07,,-,,,,,,-,,,,-,,,,,,-,,,-,,,,,,,-,,,,,,,,,,-,,,,,,,,-,,,,,,-,-,,,,,,,,,,,,,-,
1967.09,,-,,,,,,-,,,,-,,,,,,-,,,-,,,,,,,-,,,,,,,,,,-,,,,,,,,-,,,,,,-,-,,,,,,,,,,,,,-,
1967.11,,-,,,,,,-,,,,-,,,,,,-,,,-,,,,,,,-,,,,,,,,,,-,,,,,,,,-,,,,,,-,-,,,,,,,,,,,,,-,
1968.01,,-,,,,,,-,,,,-,,,,,,-,,,-,,,,,,,-,,,,,,,,,,-,,,,,,,,-,,,,,,-,-,,,,,,,,,,,,,-,
1968.03,,-,,,,,,-,,,,-,,,,,,-,,,-,,,,,,,-,,,,,,,,,,-,,,,,,,,-,,,,,,-,-,,,,,,,,,,,,,-,
1968.05,,-,,,,,,-,,,,-,,,,,,-,,,-,,,,,,,-,,,,,,,,,,-,,,,,,,,-,,,,,,-,-,,,,,,,,,,,,,-,
1968.07,,-,,,,,,-,,,,-,,,,,,-,,,-,,,,,,,-,,,,,,,,,,-,,,,,,,,-,,,,,,-,-,,,,,,,,,,,,,-,
1968.09,,-,,,,,,-,,,,-,,,,,,-,,,-,,,,,,,-,,,,,,,,,,-,,,,,,,,-,,,,,,-,-,,,,,,,,,,,,,-,
1968.11,,-,,,,,,-,,,,-,,,,,,-,,,-,,,,,,,-,,,,,,,,,,-,,,,,,,,-,,,,,,-,-,,,,,,,,,,,,,-,
1969.01,,-,,,,,,-,,,,-,,,,,,-,,,-,,,,,,,-,,,,,,,,,,-,,,,,,,,-,,,,,,-,-,,,,,,,,,,,,,-,
1969.03,,-,,,,,,-,,,,-,,,,,,-,,,-,,,,,,,-,,,,,,,,,,-,,,,,,,,-,,,,,,-,-,,,,,,,,,,,,,-,
1969.05,,-,,,,,,-,,,,-,,,,,,-,,,-,,,,,,,-,,,,,,,,,,-,,,,,,,,-,,,,,,-,-,,,,,,,,,,,,,-,
1969.07,,-,,,,,,-,,,,-,,,,,,-,,,-,,,,,,,-,,,,,,,,,,-,,,,,,,,-,,,,,,-,-,,,,,,,,,,,,,-,
1969.09,,-,,,,,,-,,,,-,,,,,,-,,,-,,,,,,,-,,,,,,,,,,-,,,,,,,,-,,,,,,-,-,,,,,,,,,,,,,-,
1969.11,,-,,,,,,-,,,,-,,,,,,-,,,-,,,,,,,-,,,,,,,,,,-,,,,,,,,-,,,,,,-,-,,,,,,,,,,,,,-,
1970.01,,-,,,,,,-,,,,-,,,,,,-,,,-,,,,,,,-,,,,,,,,,,-,,,,,,,,-,,,,,,-,-,,,,,,,,,,,,,-,
1970.03,,-,,,,,,-,,,,-,,,,,,-,,,-,,,,,,,-,,,,,,,,,,-,,,,,,,,-,,,,,,-,-,,,,,,,,,,,,,-,
1970.05,,-,,,,,,-,,,,-,,,,,,-,,,-,,,,,,,-,,,,,,,,,,-,,,,,,,,-,,,,,,-,-,,,,,,,,,,,,,-,
1970.07,,-,,,,,,-,,,,-,,,,Isenoumi[3]-25-2-Maegashira #1 Kashiwado--25-,,-,,,-,,,,,,,-,,,,,,,,,,-,,,,,,,,-,,,,,,-,-,,,,,,,,,,,,,-,
1970.09,,-,,,,,,-,,,,-,,,,Isenoumi[3]-26-2-Maegashira #1 Kashiwado--25-,,-,,,-,,,,,,,-,,,,,,,,,,-,,,,,,,,-,,,,,,-,-,,,,,,,,,,,,,-,
1970.11,,-,,,,,,-,,,,-,,,,Isenoumi[3]-15-2-Maegashira #1 Kashiwado-BO-25--Yokozuna Kashiwado-Kagamiyama-,,-,,,-,,,,,,,-,,,,,,,,,,-,,,,,,,,-,,,,,,-,-,,,,,,,,,,,,,-,
1971.01,,-,,,,,,-,,,,-,,,,-,,-,,,-,,,,,,,-,,,,,,,,,,-,,,,,,,,-,,,,,,-,-,,,,,,,,,,,,,-,
1971.03,,-,,,,,,-,,,,-,,,,-,,-,,,-,,,,,,,-,,,,,,,,,,-,,,,,,,,-,,,,,,-,-,,,,,,,,,,,,,-,
1971.05,,-,,,,,,-,,,,-,,,,-,,-,,,-,,,,,,,-,,,,,,,,,,-,,,,,,,,-,,,,,,-,-,,,,,,,,Tokitsukaze-47-5-Ozeki Yutakayama--97-,,,,,-,
1971.07,,-,,,,,,-,,,,-,,,,-,,-,,,-,,,,,,,-,,,,,,,,,,-,,,,,,,,-,,,,,,-,-,,,,,,,,Tokitsukaze-46-5-Ozeki Yutakayama--97-,,,,,-,
1971.09,,-,,,,,,-,,,,-,,,,-,,-,,,-,,,,,,,-,,,,,,,,,,-,,,,,,,,-,,,,,,-,-,,,,,,,,Tokitsukaze-45-5-Ozeki Yutakayama-BO-97--Yokozuna Kagamisato-Tatsutagawa-,,,,,-,
1971.11,,-,,,,,,-,,,,-,,,,-,,-,,,-,,,,,,,-,,,,,,,,,,-,,,,,,,,-,,,,,,-,-,,,,,,,,-,,,,,-,
1972.01,,-,,,,,,-,,,,-,,Michinoku[2]-17-3-Maegashira #2 Tsurugamine--27-Izutsu,,-,,-,,,-,,,,,,,-,,,,,,,,,,Otake-25-0-Yokozuna Taiho-HB-106-Taiho-Nishonoseki[2]-,,,,,,,,-,,,,,,-,-,,,,,,,,-,,,,,-,
1972.03,,-,,,,,,-,,,,-,,Michinoku[2]-15-3-Maegashira #2 Tsurugamine--27-Izutsu,,-,,-,,,-,,,,,,,-,,,,,,,,,,Otake-27-0-Yokozuna Taiho--106-Taiho,,,,,,,,-,,,,,,-,-,,,,,,,,-,,,,,-,
1972.05,,-,,,,,,-,,,,-,,Michinoku[2]-14-2-Maegashira #4 Hoshikabuto-HTBO-27-Izutsu-Sekiwake Tsurugamine-Izutsu[3]-Kimigahama,,-,,-,,,-,,,,,,,-,,,,,,,,,,Otake-31-0-Yokozuna Taiho--106-Taiho,,,,,,,,-,,,,,,-,-,,,,,,,,-,,,,,-,
1972.07,,-,,,,,,-,,,,-,,-,,-,,-,,,-,,,,,,,-,,,,,,,,,,-,,,,,,,,-,,,,,,-,-,,,,,,,,-,,,,,-,
1972.09,,-,,,,,,-,,,,-,,-,,-,,-,,,-,,,,,,,-,,,,,,,,,,-,,,,,,,,-,,,,,,-,-,,,,,,,,-,,,,,-,
1972.11,,-,,,,,,-,,,,-,,-,,-,,-,,,-,,,,,,,-,,,,,,,,,,-,,,,,,,,-,,,,,,-,-,,,,,,,,-,,,,,-,
1973.01,,-,,,,,,-,,,,-,,-,,-,,-,,,-,,,,,,,-,,,,,,,,,,-,,,,,,,,-,,,,,,-,-,,,,,,,,-,,,,,-,
1973.03,,-,,,,,,-,,,,-,,-,,-,,-,,,-,,,,,,,-,,,,,,,,,,-,,,,,,,,-,,,,,,-,-,,,,,,,,-,,,,,-,
1973.05,,-,,,,,,-,,,,-,,-,,-,,-,,,-,,,,,,,-,,,,,,,,,,-,,,,,,,,-,,,,,,-,-,,,,,,,,-,,,,,-,
1973.07,,-,,,,,,-,,,,-,,-,,-,,-,,,-,,,,,,,-,,,,,,,,,,-,,,,,,,,-,,,,,,-,-,,,,,,,,-,,,,,-,
1973.09,,-,,,,,,-,,,,-,,-,,-,,-,,,-,,,,,,,-,,,,,,,,,,-,,,,,,,,-,,,,,,-,-,,,,,,,,-,,,,,-,
1973.11,,-,,,,,,-,,,,-,,-,,-,,-,,,-,,,,,,,-,,,,,,,,,,-,,,,,,,,-,,,,,,-,-,,,,,,,,-,,,,,-,
1974.01,,-,,,,,,-,,,,-,,-,,-,,-,,,-,,,,,,,-,,,,,,,,,,-,,,,,,,,-,,,,,,-,-,,,,,,,,-,,,,,-,
1974.03,,-,,,,,,-,,,,-,,-,,-,,-,,,-,,,,,,,-,,,,,,,,,,-,,,,,,,,-,,,,,,-,-,,,,,,,,-,,,,,-,
1974.05,,-,,,,,,-,,,,-,Kokonoe-25-3-Yokozuna Chiyonoyama--40-,-,,-,,-,,,-,,,,,,,-,,,,,,,,,,-,,,,,,,,-,,,,,,-,-,,,,,,,,-,,,,,-,
1974.07,,-,,,,,,-,,,,-,Kokonoe-23-3-Yokozuna Chiyonoyama--40-,-,,-,,-,,,-,,,,,,,-,,,,,,,,,,-,,,,,,,,-,,,,,,-,-,,,,,,,,-,,,,,-,
1974.09,,-,,,,,,-,,,,-,Kokonoe-10-2-Yokozuna Chiyonoyama-BO-40--Yokozuna Kitanofuji-Izutsu[2]-,-,,-,,-,,,-,,,,,,,-,,,,,,,,,,-,,,,,,,,-,,,,,,-,-,,,,,,,,-,,,,,-,
1974.11,,-,,,,,,-,,,,-,-,-,,-,,-,,,-,,,,,,,-,,,,,,,,,,-,,,,,,,,-,,,,,,-,-,,,,,,,,-,,,,,-,
1975.01,,-,,,,,,-,,,,-,-,-,,-,,-,,,-,,,,,,,-,,,,,,,,,,-,,,,,,,,-,,,,,,-,-,,,,,,,,-,,,,,-,
1975.03,,-,,,,,,-,,,,-,-,-,,-,,-,,,-,,,,,,,-,,,,,,,,,,-,,,,,,,,-,,,,,,-,-,,,,,,,,-,,,,,-,
1975.05,,-,,,,,,-,,,,-,-,-,,-,,-,,,-,,,,,,,-,,,,,,,,,,-,,,,,,,,-,,,,,,-,-,,,,,,,,-,,,,,-,
1975.07,,-,,,,,,-,,,,-,-,-,,-,,-,,,-,,,,,,,-,,,,,,,,,,-,,,,Asahiyama[1]-16-2-Sekiwake Futaseyama--4-,,,Nishonoseki[2]-36-4-Maegashira #1 Tokachiiwa--60-,-,,,,,,-,-,,,,,,,,-,,,,,-,
1975.09,,-,,,,,,-,,,,-,-,-,,-,,-,,,-,,,,,,,-,,,,,,,,,,-,,,,Asahiyama[1]-17-2-Sekiwake Futaseyama--4-,,,Nishonoseki[2]-35-4-Maegashira #1 Tokachiiwa--60-,-,,,,,,-,-,,,,,,,,-,,,,,-,
1975.11,,Onaruto[2]-2-0-Sekiwake Kotetsuyama-HB-63--Asahiyama[1]-,,,,,,-,,,,-,-,-,,-,,-,,,-,,,,,,,-,,,,,,,,,,Oshiogawa[2]-6-1-Ozeki Daikirin-HB-68--Nishonoseki[2]-,,,,Asahiyama[1]-14-2-Komusubi Wakafutase-HTBO-4--Sekiwake Kotetsuyama-Onaruto[2]-,,,Nishonoseki[2]-28-3-Maegashira #1 Tokachiiwa-BO-60--Ozeki Daikirin-Oshiogawa[2]-,-,,,,,,-,-,,,,,,,,-,,,,,-,
1976.01,,Onaruto[2]-2-0-Sekiwake Kotetsuyama--63-,,,,,,-,,,,-,-,-,,-,,-,,,-,,,,,,,-,,,,,,,,,,Oshiogawa[2]-7-1-Ozeki Daikirin--68-,,,,-,,,-,-,,,,,,-,-,,,,,,,,-,,,,,-,
1976.03,,Onaruto[2]-5-0-Sekiwake Kotetsuyama--63-,,,,,,-,,,,-,-,-,,-,,-,,,-,,,,,,,-,,,,,,,,,,Oshiogawa[2]-9-2-Ozeki Daikirin--68-,,,,-,,,-,-,,,,,,-,-,,,,,,,,-,,,,,-,
1976.05,,-,,,,,,-,,,,-,-,-,,-,,-,,,-,,,,,,,-,,,,,,,,,,,,,,-,,,-,-,,,,,,-,-,,,,,,,,-,,,,,-,
1976.07,,-,,,,,,-,,,,-,-,-,,-,,-,,,-,,,,,,,-,,,,,,,,,,,,,,-,,,-,-,,,,,,-,-,,,,,,,,-,,,,,-,
1976.09,,-,,,,,,-,,,,-,-,-,,-,,-,,,-,,,,,,,-,,,,,,,,,,,,,,-,,,-,-,,,,,,-,-,,,,,,,,-,,,,,-,
1976.11,,-,,,,,,-,,,,-,-,-,,-,,-,,,-,,,,,,,-,,,,,,,,,,,,,,-,,,-,-,,,,,,-,-,,,,,,,,-,,,,,-,
1977.01,,-,,,,,,-,,,,-,-,-,,-,,-,,,-,,,,,,,-,,,,,,,,,,,,,,-,,,-,-,,,,,,-,-,,,,,,,,-,,,,,-,
1977.03,,-,,,,,,-,,,,-,-,-,,-,,-,,,-,,,,,,,-,,,,,,,,,,,,,,-,,,-,-,,,,,,-,-,,,,,,,,-,,,,,-,
1977.05,,-,,,,,,-,,,,-,-,-,,-,,-,,,-,,,,,,,-,,,,,,,,,,,,,,-,,,-,-,,,,,,-,-,,,,,,,,-,,,,,-,
1977.07,,-,,,,,,-,,,,-,Kokonoe-18-3-Yokozuna Chiyonoyama--40-,-,,-,,-,,,-,,,,,,,-,,,,,,,,,,,,,,-,,,-,-,,,,,,-,-,,,,,,,,-,,,,,-,
1977.09,,-,,,,,,-,,,,-,Kokonoe-18-3-Yokozuna Chiyonoyama--40-,-,,-,,-,,,-,,,,,,,-,,,,,,,,,,,,,,-,,,-,-,,,,,,-,-,,,,,,,,-,,,,,-,
1977.11,,-,,,,,,-,,,,-,Kokonoe-41-3-Yokozuna Kitanofuji-HTHM-40--Izutsu[2],-,,-,,-,,,-,,,,,,,-,,,,,,,,,,,,,,-,,,-,-,,,,,,-,-,,,,,,,,-,,,,,-,
1978.01,,-,,,,,,-,,,,-,,-,,-,,-,,,-,,,,,,,-,,,,,,,,,,,,,,-,,,-,-,,,,,,-,-,,,,,,,,-,,,,,-,
1978.03,,-,,,,,,-,,,,-,,-,,-,,-,,,-,,Oshima[2]-11-1-Juryo #7 Yamatonishiki--99-Tomozuna,,,,,-,,,,,,,,,,,,,,-,,,-,-,,,,,,-,-,,,,,,,,-,,,,,-,
1978.05,,-,,,,,,-,,,,-,,-,,-,,-,,,-,,Oshima[2]-11-1-Juryo #7 Yamatonishiki--99-Tomozuna,,,,,-,,,,,,,,,,,,,,-,,,-,-,,,,,,-,-,,,,,,,,-,,,,,-,
1978.07,,-,,,,,,-,,,,-,,-,,-,,-,,,-,,Oshima[2]-10-1-Juryo #7 Yamatonishiki-BO-99-Tomozuna-Maegashira #8 Yoshinomine-Kumagatani[2]-,,,,,-,,,,,,,,,,,,,,-,,,-,-,,,,,,-,-,,,,,,,,-,,,,,-,
1978.09,,-,,,,,,-,,,,-,,-,,-,,-,,,-,,-,,,,,-,,,,,,,,,,,,,,-,,,-,-,,,,,,-,-,,,,,,,,-,,,,,-,
1978.11,,-,,,,,,-,,,,-,,-,,-,,-,,,-,,-,,,,,-,,,,,,,,,,,,,,-,,,-,-,,,,,,-,-,,,,,,,,-,,,,,-,
1979.01,,-,,,,,,-,,,,-,,-,,-,,-,,,-,,-,,,,,-,,,,,,,,,,,,,,-,,,-,-,,,,,,-,-,,,,,,,,-,,,,,-,
1979.03,,-,,,,,,-,,,,-,,-,,-,,-,,,-,,-,,,,,-,,,,,,,,,,,,,,-,,,-,-,,,,,,-,-,,,,,,,,-,,,,,-,
1979.05,,-,,,,,,-,,,,-,,-,,-,,-,,,-,,-,,,,,-,,,,,,,,,,,,,,-,,,-,-,,,,,,-,-,,,,,,,,-,,,,,-,
1979.07,,-,,,,,,-,,,,-,,-,,-,,-,,,-,,-,,,,,-,,,,,,,,,,,,,,-,,,-,-,,,,,,-,-,,,,,,,,-,,,,,-,
1979.09,,-,,,,,,-,,,,-,,-,,-,,-,,,-,,-,,,,,-,,,,,,,,,,,,,,-,,,-,-,,,,,,-,-,,,,,,,,-,,,,,-,
1979.11,,-,,,,,,-,,,,-,,-,,-,,-,,,-,,-,,,,,-,,,,,,,,,,,,,,-,,Tatsunami-29-3-Sekiwake Annenyama--94-,-,-,,,,,,-,-,,,,,,,,-,,,,,-,
1980.01,,-,,,,,,-,,,,-,,-,,-,,-,,,-,,-,,,,,-,,,,,,,,,,,,,,-,,Tatsunami-30-3-Sekiwake Annenyama--94-,-,-,,,,,,-,-,,,,,,,,-,,,,,-,
1980.03,,-,,,,,,-,,,,-,,-,,-,,-,,,-,,-,,,,,-,,,,,,,,,,,,,,-,,Tatsunami-32-3-Sekiwake Annenyama-BO-94--Ozeki Asahikuni-Oshima[1]-,-,-,,,,,,-,-,,,,,,,,-,,,,,-,
1980.05,,-,,,,,,-,,,,-,,-,,-,,-,,,-,,-,,,,,-,,,,,,,,,,,,,,-,,-,-,-,,,,,,-,-,,,,,,,,-,,,,,-,
1980.07,,-,,,,,,-,,,,-,,-,,-,,-,,,-,,-,,,,,-,,,,,,,,,,,,,,-,,-,-,-,,,,,,-,-,,,,,,,,-,,,,,-,
1980.09,,-,,,,,,-,,,,-,,-,,-,,-,,,-,,-,,,,,-,,,,,,,,,,,,,,-,,-,-,-,,,,,,-,-,,,,,,,,-,,,,,-,
1980.11,,-,,,,,,-,,Hanakago[2]-40-4-Maegashira #3 Onoumi--17-,,-,,-,,-,,-,,,-,,-,,,,,-,,,,,,,,,,,,,,-,,-,-,-,,,,,,-,-,,,,,,,,-,,,,,-,
1981.01,,-,,,,,,-,,Hanakago[2]-31-4-Maegashira #3 Onoumi--17-,,-,,-,,-,,-,,,-,,-,,,,,-,,,,,,,,,,,,,,-,,-,-,-,,,,,,-,-,,,,,,,,-,,,,,-,
1981.03,,-,,,,,,Hanaregoma[1]-13-0-Ozeki Kaiketsu-HB-18--Hanakago[2]-,,Hanakago[2]-29-3-Yokozuna Wajima-HTBO-17--Ozeki Kaiketsu-Hanaregoma[1]-,,-,,-,,-,,-,,,-,,-,,,,,-,,,,,,,,,,,,,,-,,-,-,-,,,,,,-,-,,,,,,,,-,,,,,-,
1981.05,,-,,,,,,Hanaregoma[1]-15-0-Ozeki Kaiketsu--18-,,-,,-,,-,,-,,-,,,-,,-,,,,,-,,,,,,,,,,,,,,-,,-,-,-,,,,,,-,-,,,,,,,,-,,,,,-,
1981.07,,-,,,,,,Hanaregoma[1]-15-0-Ozeki Kaiketsu--18-,,-,,-,,-,,-,,-,,,-,,-,,,,,-,,,,,,,,,,,,,,-,,-,-,-,,,,,,-,-,,,,,,,,-,,,,,-,
1981.09,,-,,,,,,-,,-,,-,,-,,-,,-,,,-,,-,,,,,-,,,,,,,,,,,,,,-,,-,-,-,,,,,,-,-,,,,,,,,-,,,,,-,
1981.11,,-,,Takanohana-50-8-Yokozuna Wakanohana I--14-Futagoyama,,,,-,,-,,-,,-,,-,,-,,,-,,-,,,,,-,,,,,,,,,,,,,,-,,-,-,-,,,,,,-,-,,,,,,,,-,,,,,-,
1982.01,,-,,Takanohana-46-7-Yokozuna Wakanohana I--14-Futagoyama,,,,-,,-,,-,,-,,-,,-,,,-,,-,,,,,-,,,,,,,,,,,,,,-,,-,-,-,,,,,,-,-,,,,,,,,-,,,,,-,
1982.03,,-,,Takanohana-36-7-Yokozuna Wakanohana I-BO-14-Futagoyama-Ozeki Takanohana-Fujishima[1]-,,,,-,,-,,-,,-,,-,,-,,,-,,-,,,,,-,,,,,,,,,,,,,,-,,-,-,-,,,,,,Fujishima[1]-15-0-Ozeki Takanohana-HB-12--Takanohana-Futagoyama,-,,,,,,,,-,,,,,-,
1982.05,,-,,-,,,,-,,-,,-,,-,,-,,-,,,-,,Takashima[1]-4-1-Ozeki Mitsuneyama--86-,,,,,-,,,,,,,,,,,,,,-,,-,-,-,,,,,,Fujishima[1]-16-0-Ozeki Takanohana--12-,-,,,,,,,,-,,,,,-,
1982.07,,-,,-,,,,-,,-,,-,,-,,-,,-,,,-,,Takashima[1]-4-1-Ozeki Mitsuneyama--86-,,,,,-,,,,,,,,,,,,,,-,,-,-,-,,,,,,Fujishima[1]-17-0-Ozeki Takanohana--12-,Kumagatani[2]-7-0-Maegashira #8 Yoshinomine--41-,,,,,,,,-,,,,,-,
1982.09,,-,,-,,,,-,,-,,-,,-,,-,,-,,,-,,Takashima[1]-3-1-Ozeki Mitsuneyama-HS-86--Kumagatani[2]-,,,,,-,,,,,,,,,,,,,,-,,-,-,-,,,,,,-,Kumagatani[2]-9-0-Maegashira #8 Yoshinomine--41-,,,,,,,,-,,,,,-,
1982.11,,-,,-,,,,-,,-,,-,,-,,-,,-,,,-,,-,,,,,-,,,,,,,,,,,,,,-,,-,-,-,,,,,,-,Kumagatani[2]-10-1-Maegashira #8 Yoshinomine-HM-41--Takashima[1],,,,,,,,-,,,,,-,
1983.01,,-,,-,,,,-,,-,,-,,-,,-,,-,,,-,,-,,,,,-,,,,,,,,,,,,,,-,,-,-,-,,,,,,-,,,,,,,,,-,,,,,-,
1983.03,,-,,-,,,,-,,-,,-,,-,,-,,-,,,-,,-,,,,,-,,,,,,,,,,,,,,-,,-,-,-,,,,,,-,,,,,,,,,-,,,,,-,
1983.05,,-,,-,,,,-,,-,,-,,-,,-,,-,,,-,,-,,,,,-,,,,,,,,,,,,,,-,,-,-,-,,,,,,-,,,,,,,,,-,,,,,-,
1983.07,,-,,-,,,,-,,-,,-,,-,,-,,-,,,-,,-,,Takanohana-31-5-Yokozuna Wakanohana I--14-Futagoyama,,,-,,,,,,,,,,,,,,-,,-,-,-,,,,,,-,,,,,,,,,-,,,,,-,
1983.09,,-,,-,,,,-,,-,,-,,-,,-,,-,,,-,,-,,Takanohana-30-5-Yokozuna Wakanohana I--14-Futagoyama,,,-,,,,,,,,,,,,,,-,,-,-,-,,,,,,-,,,,,,,,,-,,,,,-,
1983.11,,-,,-,,,,-,,-,,-,,-,,-,,-,,,-,,-,,Takanohana-29-5-Yokozuna Wakanohana I-BO-14-Futagoyama-Yokozuna Wakanohana II-Magaki[3]-,,,-,,,,,,,,,,,,,,-,,-,-,-,,,,,,Magaki[3]-1-0-Yokozuna Wakanohana II-HB-43--Takanohana-Futagoyama,,,,,,,,,-,,,,,-,
1984.01,,-,,-,,,,-,,-,,-,,-,,-,,-,,,-,,-,,-,,,-,,,,,,,,,,,,,,-,,-,-,-,,,,,,Magaki[3]-4-0-Yokozuna Wakanohana II--43-,,,,,,,,,-,,,,,-,
1984.03,,-,,-,,,,-,,-,,-,,-,,-,,-,,,-,,-,,-,,,-,,,,,,,,,,,,,,-,,-,-,-,,,,,,Magaki[3]-10-0-Yokozuna Wakanohana II--43-,,,,,,,,,-,,,,,-,
1984.05,,-,,-,,,,-,,-,,-,,-,,-,,-,,,-,,-,,-,,,-,,,,,,,,,,,,,,-,,-,-,-,,,,,,-,,,,,,,,,-,,,,,-,
1984.07,,-,,-,,,,-,,-,,-,,-,,-,,-,,,-,,-,,-,,,-,,,,,,,,,,,,,,-,,-,-,-,,,,,,-,,,,,,,,,-,,,,,-,
1984.09,,-,,-,,,,-,,-,,-,,-,,-,,-,,,-,,-,,-,,,-,,,,,,,,,,,,,,-,,-,-,-,,,,,,-,,,,,,,,,-,,,,,-,
1984.11,,-,,-,,,,-,,-,,-,,-,,-,,-,,,-,,-,,-,,,-,,,,,,,,,,,,,,-,,-,-,-,,,,,,-,,,,,,,,,-,,,,,-,
1985.01,,-,,-,,,,-,,-,,-,,-,,-,,-,,,-,,-,,-,,,-,,,,,,,,,,,,,,-,,-,-,-,,,,,,-,,,,,,,,,-,,,,,-,
1985.03,,-,,-,,,,-,,-,,-,,-,,-,,-,,,-,,-,,-,,,-,,,,,,,,,,,,,,-,,-,-,-,,,,,,-,,,,,,,,,-,,,,,-,
1985.05,,-,,-,,,,-,,Hanakago[2]-23-2-Yokozuna Wajima--17-,,-,,-,,-,,-,,,-,,-,,-,,,-,,,,,,,,,,,,,,-,,-,-,-,,,,,,-,,,,,,,,,-,,,,,-,
1985.07,,-,,-,,,,-,,Hanakago[2]-23-3-Yokozuna Wajima--17-,,-,,-,,-,,-,,,-,,-,,-,,,-,,,,,,,,,,,,,,-,,-,-,-,,,,,,-,,,,,,,,,-,,,,,-,
1985.09,,-,Takasago-39-3-Yokozuna Asashio--84-,-,,,,Hanaregoma[1]-29-1-Ozeki Kaiketsu--18-,,Hanakago[2]-21-3-Yokozuna Wajima-HS-17--Hanaregoma[1]-,,-,,-,,-,,-,,,-,,-,,-,,,-,,,,,,,,,,,,,,-,,-,-,-,,,,,,-,,,,,,,,,-,,,,,-,
1985.11,,-,Takasago-38-3-Yokozuna Asashio--84-,-,,,,Hanaregoma[1]-27-1-Ozeki Kaiketsu--18-,,-,,-,,-,,-,,-,,,-,,-,,-,,,Yamahibiki-1-0-Yokozuna Kitanoumi-HB-107-Kitanoumi-Mihogaseki[2]-,,,,,,,,Takasago-38-3-Yokozuna Asashio--84-,,,,,,-,,-,-,-,,,,,,-,,,,,,,,,-,,,,,-,
1986.01,,-,Takasago-39-3-Yokozuna Asashio-BO-84--Sekiwake Takamiyama-Azumazeki-,-,,,,Hanaregoma[1]-47-3-Ozeki Kaiketsu-HM-18--Hanakago[2],,-,,-,,-,,-,,-,,,-,,-,,-,,,Yamahibiki-12-0-Yokozuna Kitanoumi--107-Kitanoumi,,,,,,,,Takasago-39-3-Yokozuna Asashio-BO-84--Sekiwake Takamiyama-Azumazeki-,,,,,,-,,-,-,-,,,,,,-,,,,,,,,,-,,,,,-,
1986.03,,-,-,-,,,,,,-,,-,,-,,-,,-,,,-,,-,,-,,,Yamahibiki-21-0-Yokozuna Kitanoumi--107-Kitanoumi,,,,,,,,Takasago-41-4-Yokozuna Asashio-BO-84--Sekiwake Fujizakura-Nakamura[2]-,,,,,,-,,-,-,Takasago-41-4-Yokozuna Asashio-BO-84--Sekiwake Fujizakura-Nakamura[2]-,,,,,,-,,,,,,,,,-,,,,,-,
1986.05,,-,-,-,,,,,,-,,-,,-,,-,,-,,,-,,-,,-,,,-,,,,,,,,-,,,,,,-,,-,-,Takasago-42-3-Yokozuna Asashio--84-,,,,,,-,,,,,,,,,-,,,,,-,
1986.07,,-,-,-,,,,,,-,,-,,-,,-,,-,,,-,,-,,-,,,-,,,,,,,,-,,,,,,-,,-,-,Takasago-43-3-Yokozuna Asashio-HM-84--Oyama,,,,,,-,,,,,,,,,-,,,,,-,
1986.09,,-,-,-,,,,,,-,,-,,-,,-,,-,,,-,,-,,-,,,-,,,,,,,,-,,,,,,-,,-,-,,,,,,,-,,,,,,,,,-,,,,,-,
1986.11,,-,-,-,,,,,,-,,-,,-,,-,,-,,,-,,-,,-,,,-,,,,,,,,-,,,,,,-,,-,-,,,,,,,-,,,,,,,,,-,,,,,-,
1987.01,,-,-,-,,,,,,-,,-,,-,,-,,-,,,-,,-,,-,,,-,,,,,,,,-,,,Sadogatake[2]-35-2-Yokozuna Kotozakura--72-,,,-,,-,-,,,,,,,-,,,,,,,,,-,,,,,-,
1987.03,,-,-,-,,,,,,-,,-,,-,,-,,-,,,-,,-,,-,,,-,,,,,,,,-,,,Sadogatake[2]-50-3-Yokozuna Kotozakura--72-,,,-,,-,-,,,,,,,-,,,,,,,,,-,,,,,-,
1987.05,,-,-,-,,,,,,-,,-,,-,,-,,-,,,-,,-,,-,,,-,,,,,,,,-,,,Sadogatake[2]-45-3-Yokozuna Kotozakura-BO-72--Ozeki Kotokaze-Oguruma-,,,-,,-,-,,,,,,,-,,,,,,,,,-,,,,,-,
1987.07,,-,-,-,,,,,,-,,-,,-,,-,,-,,,-,,-,,-,,,-,,,,,,,,-,,,-,,,-,,-,-,,,,,,,-,,,,,,,,,-,,,,,-,
1987.09,,-,-,-,,,,,,-,,-,,-,,-,,-,,,-,,-,,-,,,-,,,,,,,,-,,,-,,,-,,-,-,,,,,,,-,,,,,,,,,-,,,,,-,
1987.11,,-,-,-,,,,,,-,,-,,-,,-,,-,,,-,,-,,-,,,-,,,,,,,,-,,,-,,,-,,-,-,,,,,,,-,,,,,,,,,-,,,,,-,
1988.01,,-,-,-,,,,,,-,,-,,-,,-,,-,,,-,,-,,-,,,-,,,,,,,,-,,,-,,,-,,-,-,,,,,,,-,,,,,,,,,-,,,,,-,
1988.03,,-,-,-,,,,,,-,,-,,-,,-,,-,,,-,,-,,-,,,-,,,,,,,,-,,,-,,,-,,-,-,,,,,,,-,,,,,,,,,-,,,,,-,
1988.05,,-,-,-,,,,,,-,,-,,-,,-,,-,,,-,,-,,-,,,-,,,,,,,,-,,,-,,,-,,-,-,,,,,,,-,,,,,,,,,-,,,,,-,
1988.07,,-,-,-,,,,,,-,,-,,-,,-,,-,,,-,,-,,-,,,-,,,,,,,,-,,,-,,,-,,-,-,,,,,,,-,,,,,,,,,-,,,,,-,
1988.09,,-,-,-,,,,,,-,,-,,-,,-,,-,,,-,,-,,-,,,-,,,Hanaregoma[1]-36-4-Ozeki Kaiketsu--18-,,,,,-,,,-,,,-,,-,-,,,,,,,-,,,,,,,,,-,,,,,-,
1988.11,,-,-,-,,,,,,-,,-,,-,,-,,-,,,-,,-,,-,,,-,,,Hanaregoma[1]-33-5-Ozeki Kaiketsu--18-,,,,,-,,,-,,,-,,-,-,,,,,,,-,,,,,,,,,-,,,,,-,
1989.01,,-,-,-,,,,,,Minezaki-3-0-Maegashira #2 Misugiiso-HB-50--Hanaregoma[1]-,,-,,-,Michinoku[2]-9-1-Maegashira #4 Hoshikabuto--46-,-,,-,,,-,,-,,-,,,-,,,Hanaregoma[1]-30-4-Ozeki Kaiketsu-BO-18--Maegashira #2 Misugiiso-Minezaki-,,,,,-,,,-,,,-,,-,-,,,,,,,-,,,,,,,,,-,,,,,-,
1989.03,,-,-,-,,,,,,Minezaki-3-0-Maegashira #2 Misugiiso--50-,,-,,-,Michinoku[2]-8-1-Maegashira #4 Hoshikabuto--46-,-,,-,,,-,,-,,-,,,-,,,-,,,,,-,,,-,,,-,,-,-,,,,,,,Tagonoura[3]-7-0-Yokozuna Takanosato-HB-56-Naruto-Takanohana-Futagoyama,,,,,,,,,-,,,,,-,
1989.05,,-,-,-,,,,,,Minezaki-3-0-Maegashira #2 Misugiiso--50-,,-,,-,Michinoku[2]-8-1-Maegashira #4 Hoshikabuto-BO-46--Maegashira #1 Daiyu-Kabutoyama[3]-,-,,-,,,-,,-,,-,,,-,,,-,,,,,-,,,-,,,-,,-,-,,,,,,,Tagonoura[3]-8-0-Yokozuna Takanosato--56-Naruto,,,,,,,,,-,,,,,-,
1989.07,,-,-,-,,,,,,-,,-,,-,-,-,,-,,,-,,-,,-,,,-,,,-,,,,,-,,,-,,,-,,-,-,,,,,,,Tagonoura[3]-8-0-Yokozuna Takanosato--56-Naruto,,,,,,,,,-,,,,,-,
1989.09,,-,-,-,,,,,,-,,-,,-,,-,,-,,,-,,-,,-,,,-,,,-,,,,,-,,,-,,,-,,-,-,,,,,,,-,,,,,,,,,-,,,,,-,
1989.11,,-,-,-,,,,,,-,,-,,-,,-,,-,,,-,,-,,-,,,-,,,-,,,,,-,,,-,,,-,,-,-,,,,,,,-,,,,,,,,,-,,,,,-,
1990.01,,-,-,-,,,,,,-,,-,,-,,-,,-,,,-,,-,,-,,,-,,,-,,,,,-,,,-,,,-,,-,-,,,,,,,-,,,,,,,,,-,,,,,-,
1990.03,,-,-,-,,,,,,-,,-,,-,,-,,-,,,-,,-,,-,,,-,,,-,,,,,-,,,-,,,-,,-,-,,,,,,,Hanaregoma[2]-5-0-Ozeki Wakashimazu-HB-45-Matsugane-Takanohana-Futagoyama,,,,,,,,,-,,,,,-,
1990.05,,-,-,-,,,,,,-,,-,,-,,-,,Isegahama[3]-7-0-Sekiwake Mutsuarashi--1-Ajigawa,,,-,,-,,-,,,-,,,-,,,,,-,,,-,,,-,,-,-,,,,,,,Hanaregoma[2]-6-0-Ozeki Wakashimazu--45-Matsugane,,,,,,,,,-,,,,,-,
1990.07,,-,-,-,,,,,,-,,-,,-,,-,,Isegahama[3]-7-0-Sekiwake Mutsuarashi--1-Ajigawa,,,-,,-,,-,,,-,,,-,,,,,-,,,-,,,-,,-,-,,,,,,,Hanaregoma[2]-6-0-Ozeki Wakashimazu--45-Matsugane,,,,,,,,,-,,,,,-,
1990.09,,-,-,-,,,,,,-,,-,,-,,-,,Isegahama[3]-12-1-Sekiwake Mutsuarashi-HM-1-Ajigawa-Kasugayama[2],,,-,,-,,-,,,-,,,-,,,,,-,,,-,,,-,,-,-,,,,,,,-,,,,,,,,,-,,,,,-,
1990.11,,-,-,-,,,,,,-,,-,,-,,-,,,,,-,,-,,-,,,-,,,-,,,,,-,,,-,,,-,,-,-,,,,,,,-,,,,,,,,,-,,,,,-,
1991.01,,-,-,-,,,,,,-,,-,,-,,-,,,,,-,,-,,-,,,-,,,-,,,,,-,,,-,,,-,,-,-,,,,,,,-,,,,,,,,,-,,,,,-,
1991.03,,-,-,-,,,,,,-,,-,,-,,-,,,,,-,,-,,-,,,-,,,-,,,,,-,,,-,,,-,,-,-,,,,,,,-,,,,,,,,,-,,,,,-,
1991.05,,-,-,-,,,,,,-,,-,,-,,-,,,,,-,,-,,-,,,-,,,-,,,,,-,,,-,,,-,,-,-,,,,,,,-,,,,,,,,,-,,,,,-,
1991.07,,-,-,-,,,,,,-,,-,,-,,-,,,,,-,,-,,-,,,-,,,-,,,,,-,,,-,,,-,,-,-,,,,,,,-,,,,,,,,,-,,,,,-,
1991.09,,-,-,-,,,,,,-,,-,,-,,-,,,,,-,,-,,-,,,-,,,-,,,,,-,,,-,,,-,,-,-,,,,,,,-,,,,,,,,,-,,,,,-,
1991.11,,-,-,-,,,,,,-,,-,,-,,-,,,,,-,,-,,-,,,-,,,-,,,,,-,,,-,,,-,,-,-,,,,,,,-,,,,,,,,,-,,,,,-,
1992.01,,-,-,-,,,,,,-,,-,,-,,-,,,,,-,,-,,-,,,-,,,-,,,,,-,,,-,,,-,,-,-,,,,,,,-,,,,,,,,,-,,,,,-,
1992.03,,-,-,-,,,,,,-,,-,,-,,-,,,,,-,,-,,-,,,-,,,-,,,,,-,,,-,,,-,,-,-,,,,,,,-,,,,,,,,,-,,,,,-,
1992.05,,-,-,-,,,,,,-,,-,,-,,-,,,,,-,,-,,-,,,-,,,-,,,,,-,,,-,,,-,,-,-,,,,,,,-,,,,,,,,,-,,,,,-,
1992.07,,-,-,-,,,,,Takanohana-19-4-Yokozuna Wakanohana I--14-Futagoyama,-,,-,,-,,-,,,,,-,,-,,-,,,-,,,-,,,,,-,,,-,,,-,,-,-,,,,,,,-,,,,,,,,,-,,,,,-,
1992.09,,-,-,-,,,,,Takanohana-18-4-Yokozuna Wakanohana I--14-Futagoyama,-,,-,,-,,-,,,,,-,,-,,-,,,-,,,-,,,,,-,,,-,,,-,,-,-,,,,,,,Fujishima[1]-39-6-Ozeki Takanohana--12-,,,,,,,,,-,,,,,-,
1992.11,,-,-,Takanohana-15-4-Yokozuna Wakanohana I-BO-14-Futagoyama-Sekiwake Daijuyama-Hanakago[3]-,,,,,Takanohana-15-4-Yokozuna Wakanohana I-BO-14-Futagoyama-Sekiwake Daijuyama-Hanakago[3]-,-,,-,,-,,-,,,,,-,,-,,-,,,-,,,-,,,,,-,,,-,,,-,,-,-,,,,,,,Fujishima[1]-39-6-Ozeki Takanohana--12-,,,,,,,,,-,,,,,-,
1993.01,,-,-,Takanohana-14-4-Yokozuna Wakanohana I--14-Futagoyama,,,,,-,-,,-,,-,,-,,,,,-,,-,,-,,,-,,,-,,,,,-,,,-,,,-,,-,-,,,,,,,Fujishima[1]-37-6-Ozeki Takanohana-HS-12--Takanohana-Futagoyama,,,,,,,,,-,,,,,-,
1993.03,Takanohana-58-10-Ozeki Takanohana-HTHM-14-Futagoyama-Fujishima[1],-,-,Takanohana-58-10-Ozeki Takanohana-HTHM-14-Futagoyama-Fujishima[1],,,,,-,-,,-,,-,,-,,,,,-,,-,,-,,,-,,,-,,,,,-,,,-,,,-,,-,-,,,,,,,-,,,,,,,,,-,,,,,-,
1993.05,Takanohana-56-10-Ozeki Takanohana--14-Futagoyama,-,-,,,,,,-,-,,-,,-,,-,,,,,-,,-,,-,,,-,,,-,,,,,-,,,-,,,-,,-,-,,,,,,,-,,,,,,,,,-,,,,,-,
1993.07,Takanohana-54-10-Ozeki Takanohana-BO-14-Futagoyama-Komusubi Futagodake-Araiso-,-,-,,,,,,-,-,,-,,-,,-,,,,,-,,-,,-,,,-,,,-,,,,,-,,,-,,,-,,-,-,,,,,,,Araiso-2-0-Komusubi Futagodake-HB-2--Takanohana-Futagoyama,,Kumagatani[2]-6-0-Maegashira #8 Yoshinomine--41-,,,,,,,-,,,,,-,
1993.09,-,-,-,,,,,,-,-,,-,,-,,-,,,,,-,,-,,-,,,-,,,-,,,,,-,,,-,,,-,,-,-,,,,,,,Araiso-2-0-Komusubi Futagodake--2-,,Kumagatani[2]-6-0-Maegashira #8 Yoshinomine--41-,,,,,,,-,,,,,-,
1993.11,-,-,-,,,,,,-,-,,-,,-,,-,,,,,-,,Takashima[2]-3-0-Sekiwake Koboyama-HB-86--Kumagatani[2]-,,-,,,-,,,-,,,,,-,,,-,,,-,,-,-,,,,,,,Araiso-3-0-Komusubi Futagodake--2-,,Kumagatani[2]-5-0-Maegashira #8 Yoshinomine-BO-41--Sekiwake Koboyama-Takashima[2]-,,,,,,,-,,,,,-,
1994.01,-,-,-,,,,,,-,-,,-,,-,,-,,,,,-,,Takashima[2]-3-0-Sekiwake Koboyama--86-,,-,,,-,,,-,,,,,-,,,-,,,-,,-,-,,,,,,,-,,-,,,,,,,-,,,,,-,
1994.03,-,-,-,,,,,,-,-,Mihogaseki[2]-27-2-Ozeki Masuiyama II--47-,-,,-,,-,,,,,-,,Takashima[2]-4-0-Sekiwake Koboyama--86-,,-,,,-,,,-,,,,,-,,,-,,,-,,-,-,,,,,,,-,,,,,,,,,-,,,,,-,
1994.05,-,-,-,,,,,,-,-,Mihogaseki[2]-26-2-Ozeki Masuiyama II--47-,-,,-,,-,,,,,-,,-,,-,,,-,,,-,,,,,-,,,-,,,-,,-,-,,,,,,,-,,,,,,,,,-,,,,,-,
1994.07,-,-,-,,,,,,-,-,Mihogaseki[2]-21-2-Ozeki Masuiyama II-BO-47--Ozeki Hokutenyu-Hatachiyama-,-,,-,,-,,,,,-,,-,,-,,,Hatachiyama-5-0-Ozeki Hokutenyu-HB-19--Mihogaseki[2]-,,,-,,,,,-,,,-,,,-,,-,-,,,,,,,-,,,,,,,,,-,,,,,-,
1994.09,-,-,-,,,,,,-,-,-,-,,-,,-,,,,Isegahama[2]-6-0-Ozeki Kiyokuni--24-,-,,-,,-,,,Hatachiyama-5-0-Ozeki Hokutenyu--19-,,,-,,,,,-,,,-,,,-,,-,-,,,,,,,-,,,,,,,,,-,,,,,-,
1994.11,-,-,-,,,,,,-,-,-,-,,-,,-,,,,Isegahama[2]-6-0-Ozeki Kiyokuni--24-,-,,-,,-,,,Hatachiyama-5-0-Ozeki Hokutenyu--19-,,,-,,,,,-,,,-,,,-,,-,Onomatsu-1-0-Sekiwake Masurao-HB-66--Oshiogawa[2]-,,,,,,,-,,,,,,,,,-,,,,,-,
1995.01,-,-,-,,,,,,-,-,-,Kiriyama[2]-3-0-Komusubi Kurosegawa-HBHM-36--Isegahama[2]--Onaruto[2],,-,,-,,,,Isegahama[2]-5-0-Ozeki Kiyokuni-BO-24--Komusubi Kurosegawa-Kiriyama[2]-,-,,-,,-,,,-,,,-,,,,,-,,,-,,,Kiriyama[2]-3-0-Komusubi Kurosegawa-HBHM-36--Isegahama[2]--Onaruto[2],,-,Onomatsu-1-0-Sekiwake Masurao--66-,,,,,,,-,,,,,,,,,-,,,,,-,
1995.03,-,-,-,,,,,,-,-,-,Kiriyama[2]-5-0-Komusubi Kurosegawa--36-,,-,,-,,,,-,-,,-,,-,,,-,,,-,,,,,-,,,-,,,Kiriyama[2]-5-0-Komusubi Kurosegawa--36-,,-,Onomatsu-4-0-Sekiwake Masurao--66-,,,,,,,-,,,,,,,,,-,,,,,-,
1995.05,-,-,-,,,,,,-,-,-,Kiriyama[2]-5-0-Komusubi Kurosegawa--36-,,-,,-,,,,-,-,,-,,-,,,-,,,-,,,,,-,,,-,,,Kiriyama[2]-5-0-Komusubi Kurosegawa--36-,,-,-,,,,,,,-,,,,,,,,,-,,,,,-,
1995.07,-,-,-,,,,,,-,-,-,-,,-,,-,,,,-,-,,-,,-,,,-,,,-,,,,,-,,,-,,,,,-,-,,,,,,,-,,,,,,,,,-,,,,,-,
1995.09,-,-,-,,,,,,-,-,-,-,,-,,-,,,,-,-,,-,,-,,,-,,,-,,,,,-,,,-,,,,,-,-,,,,,,,-,,,,,,,,,-,,,,,-,
1995.11,-,-,-,,,,,,-,-,-,-,,-,,-,,,,-,-,,-,,-,,,-,,,-,,,,,-,,,-,,,,,-,-,,,,,,,-,,,,,,,,,-,,,,,-,
1996.01,-,-,-,,,,,,-,-,-,-,,-,,-,,,,-,-,,-,,-,,,-,,,-,,,,,-,,,-,,,,,-,-,,,,,,,-,,,,,,,,,-,,,,,-,
1996.03,-,-,-,,,,,,-,-,-,-,,-,,-,,,,-,-,,Tatsunami-20-2-Sekiwake Annenyama--94-,,-,,,-,,,-,,,,,-,,,-,,,,,-,-,,,,,,,-,,,,,,,,,-,,,,,-,
1996.05,-,-,-,,,,,,-,-,-,-,,-,,-,,,,-,-,,Tatsunami-20-2-Sekiwake Annenyama--94-,,-,,,-,,,-,,,,,-,,,-,,,,,-,-,,,,,,,-,,,,,,,,,-,,,,,-,
1996.07,-,-,-,,,,,,-,-,-,-,,-,,-,,,,-,-,,Tatsunami-22-2-Sekiwake Annenyama-HM-94--Kumagatani[2],,-,,,-,,,-,,,,,-,,,-,,,,,-,-,,,,,,,-,,,,,,,,,-,,,,,-,
1996.09,-,-,-,,,,,,-,-,-,-,,-,,-,,,,-,-,,,,-,,,-,,,-,,,,,-,,,-,,,,,-,-,,,,,,,-,,,,,,,,,-,,,,,-,
1996.11,-,-,-,,,,,,-,-,-,-,,-,,-,,,,-,-,,,,-,,,-,,,-,,,,,-,,,-,,,,,-,-,,,,,,,-,,,,,,,,,-,,,,,-,
1997.01,-,-,-,,,,,,-,-,-,-,,-,,-,,,,-,-,,,,-,,,-,,,-,,,,,-,,,-,,,,,-,-,,,,,,,-,,,,,,,,,-,,,,,-,
1997.03,-,-,-,,,,,,-,-,-,-,,-,,-,,,,-,-,,,,-,,,-,,,-,,,,,-,,,-,,,,,-,-,,,,,,,-,,,,,,,,,-,,,,,-,
1997.05,-,-,-,,,,,,-,-,-,-,,-,,-,,,Isegahama[3]-27-0-Yokozuna Asahifuji--1-Ajigawa,-,-,,,,-,,,-,,,-,,,,,-,,,-,,,,,-,-,,,,,,,-,,,,,,,,,-,,,,,-,
1997.07,-,-,-,,,,,,-,-,-,-,,-,,-,,,Isegahama[3]-28-0-Yokozuna Asahifuji--1-Ajigawa,-,-,,,,-,,,-,,,-,,,,,-,,,-,,,,,-,-,,,,,,,-,,,,,,,,,-,,,,,-,
1997.09,-,-,-,,,,,,-,-,-,-,,-,,-,,,Isegahama[3]-26-0-Yokozuna Asahifuji-BO-1-Ajigawa-Maegashira #1 Kasugafuji-Kasugayama[3]-,-,-,,,,-,,,-,,,-,,,,,-,,,-,,,,,-,-,,,,,,,-,,,,,,,,,-,,,,,-,
1997.11,-,-,-,,,,,,-,-,-,-,,-,,-,,,-,-,-,,,,-,,,-,,,-,,,,,-,,,-,,,,,-,-,,,,,,,-,,,,,,,,,-,,,,,-,
1998.01,-,-,-,,,,,,-,-,-,-,,-,,-,,,-,-,-,,,,-,,,-,,,-,,,,,-,,,-,,,,,-,-,,,,,,,-,,,,,,,,,-,,,,,-,
1998.03,-,-,-,,,,,,-,-,-,-,,-,,-,,,-,-,-,,,,-,,,-,,,-,,,,,-,,,-,,,,,-,-,,,,,,,-,,,,,,,,,-,,,,,-,
1998.05,-,-,-,,,,,,-,-,-,-,,-,,-,,,-,-,-,,,,-,,,-,,,-,,,,,-,,,-,,,,,-,-,,,,,,,-,,,,,,,,,-,,,,,-,
1998.07,-,-,-,,,,,,-,-,-,-,,-,,-,,,-,-,-,,,,-,,,-,,,-,,,,,-,,,-,,,,,-,-,,,,,,,-,,,,,,,,,-,,,,,-,
1998.09,-,-,-,,,,,,-,-,-,-,,-,,-,,,-,-,-,,,,-,,,-,,,-,,,,,-,,,-,,,,,-,-,,,,,,,-,,,,,,,,,-,,,,,-,
1998.11,-,-,-,,,,,,-,-,-,-,,-,,-,,,-,-,-,,,,-,,,-,,,-,,,,,-,,,-,,,,,-,-,,,,,,,-,,,,Tatsunami-19-3-Sekiwake Annenyama--94-,,,,,-,,,,,-,
1999.01,-,-,-,,,,,,-,-,-,-,,-,,-,,,-,-,-,,,,-,,,-,,,-,,,,,-,,,-,,,,,-,-,,,,,,,-,,,,Tatsunami-18-4-Sekiwake Annenyama--94-,,,,,-,,,,,-,
1999.03,-,-,-,,,,,,-,-,-,-,,-,,-,,,-,-,-,,,,-,,,-,,,-,,,,,-,,,-,,,,,-,-,,,,,,,-,,,,Tatsunami-16-3-Komusubi Asahiyutaka-HTBO-94--Sekiwake Kurohimeyama-Takekuma[3]-,,,,,-,,,,,-,
1999.05,-,-,-,,,,,,-,-,-,-,,-,,-,,,-,-,-,,,,-,,,-,,,-,,,,,-,,,-,,,,,-,-,,,,,,,-,,,,-,,,,,-,,,,,-,
1999.07,-,-,-,,,,,,-,Shibatayama-3-0-Yokozuna Onokuni-HB-77--Hanaregoma[1]-,-,-,,-,,-,,,-,-,-,,,,-,,,-,,,-,,,,,-,,,-,,,,,-,-,,,,,,,-,,,,,,,,,-,,,,,-,
1999.09,-,-,-,,,,,,-,Shibatayama-3-0-Yokozuna Onokuni--77-,-,-,,-,,-,,,-,Kise[1]-5-0-Maegashira #9 Kiyonomori--37-,-,,,,-,,,-,,,-,,,,,-,,,-,,,,,-,-,,,,,,,-,,,,,,,,,-,,,,,-,
1999.11,-,-,-,,,,,,-,Shibatayama-3-0-Yokozuna Onokuni--77-,-,-,,-,,-,,,-,Kise[1]-5-0-Maegashira #9 Kiyonomori--37-,Kiriyama[2]-5-0-Komusubi Kurosegawa--36-,,,,-,,,-,,,-,,,,,-,,,-,,,,,-,-,,,,,,Dewanoumi-27-6-Sekiwake Washuyama--9-,-,,,,,,,,,-,,,,,-,
2000.01,-,-,-,,,,,,-,-,-,-,,-,,-,,,-,Kise[1]-4-0-Maegashira #9 Kiyonomori-HS-37--Kiriyama[2]-,Kiriyama[2]-5-0-Komusubi Kurosegawa--36-,,,,-,,,-,,,-,,,,,-,,,-,,,,,-,-,,,,,,Dewanoumi-27-4-Sekiwake Washuyama--9-,-,,,,,,,,,-,,,,,-,
2000.03,-,-,-,,,,,,-,-,-,-,,-,,-,,,-,-,Kiriyama[2]-8-0-Komusubi Kurosegawa-HM-36--Kise[1],,,,-,,,-,,,-,,,,,-,,,-,,,,,-,-,,,,,,Dewanoumi-27-4-Sekiwake Washuyama-BO-9--Maegashira #1 Kushimaumi-Tagonoura[2]-,-,,,,,,,,,-,,,,,-,
2000.05,-,-,-,,,,,,-,-,-,-,,-,,-,,,-,-,,,,,-,,,-,,,-,,,,,-,,,-,,,,,-,-,,,,,,-,-,,,,,,,,,-,,,,,-,
2000.07,-,-,-,,,,,,-,-,-,-,,-,,-,,,-,-,,,,,-,,,-,,,-,,,,,-,,,-,,,,,-,-,,,,,,,-,,,,,,,,,Michinoku[2]-21-1-Ozeki Kirishima--46-,,,,,-,
2000.09,-,-,-,,,,,,-,-,-,-,,-,,-,,,-,-,,,,,-,,,-,,,-,,,,,-,,,-,,,,,-,-,,,,,,,-,,,,,,,,,Michinoku[2]-21-0-Ozeki Kirishima--46-,,,,,-,
2000.11,-,-,-,,,,,,-,-,-,-,,-,,-,,,-,-,,,,,-,,,-,,,-,,,,,-,,,-,,,,,-,-,,,,,,,-,,,,,,,,,Michinoku[2]-23-3-Ozeki Kirishima-HM-46--Tatsutagawa,,,,,-,
2001.01,-,-,-,,,,,,-,-,-,-,,-,,-,,,-,-,,,,,-,,,-,,,-,,,,,-,,,-,,,,,-,-,,,,,,,-,,,,,,,,,,,,,,-,
2001.03,-,-,-,,,,,,-,-,-,-,,-,,-,,,-,-,,,,,-,,,-,,,-,,,,,-,,,-,,,,,-,-,,,,,,,-,,,,,,,,,,,,,,-,
2001.05,-,-,-,,,,,,-,-,-,-,,-,,-,,,-,-,,,,,-,,,-,,,-,,,,,-,,,-,,,,,-,-,,,,,,,-,,,,,,,,,,,,,,-,
2001.07,-,-,-,,,,,,-,-,-,-,,-,,-,,,-,-,,,,,-,,,-,,,-,,,,,-,,,-,,,,,-,-,,,,,,,-,,,,,,,,,,,,,,-,
2001.09,-,-,-,,,,,,-,-,-,-,,-,,-,,,-,-,,,,,-,,,-,,,-,,,,,-,,,-,,,,,-,-,,,,,,,-,,,,,,,,,,,,,,-,
2001.11,-,-,-,,,,,,-,-,-,-,,-,,-,,,-,-,,,,,-,,,-,,,-,,,,,-,,,-,,,,,-,-,,,,,,,-,,,,,,,,,,,,,,Takasago-18-1-Komusubi Fujinishiki--84-,
2002.01,-,-,-,,,,,,-,-,-,-,,-,,-,,,-,-,,,,,-,,,-,,,-,,,,,-,,,-,,,,,-,-,,,,,,,-,,,,,,,,,,,,,,Takasago-18-1-Komusubi Fujinishiki--84-,
2002.03,-,-,-,,,,,,-,-,-,-,,-,,-,,,-,-,,,,,-,,,-,,,-,,,,,-,,,-,,,,,-,-,,,,,,,-,,,,,,,,,,,,,,Takasago-33-4-Ozeki Asashio-HTHM-84--Wakamatsu,
2002.05,-,-,-,,,,,,-,-,-,-,,-,,-,,,-,-,,,,,-,,,-,,,-,,,,,-,,,-,,,,,-,-,,,,,,,-,,,,,,,,,,,,,,,
2002.07,-,-,-,,,,,,-,-,-,-,,-,,-,,,-,-,,,,,-,,,-,,,-,,,,,-,,,-,,,,,-,-,,,,,,,-,,,,,,,,,,,,,,,
2002.09,-,-,-,,,,,,-,-,-,-,,-,,-,,,-,-,,,,,-,,,-,,,-,,,,,-,,,-,,,,,-,-,,,,,,,-,,,,,,,,,,,,,,,
2002.11,-,-,-,,,,,,-,-,-,-,,-,,-,,,-,-,,,,,-,,,-,,,-,,,,,-,,,-,,,,,-,-,,,,,,,-,,,,,,,,,,,,,,,
2003.01,-,-,-,,,,,,-,-,-,-,,-,,-,,,-,-,,,,,-,,,-,,,-,,,,,-,,,-,,,,,-,-,,,,,,,-,,,,,,,,,,,,,,,
2003.03,-,-,-,,,,,,-,-,-,-,,-,,-,,,-,-,,,,,-,,,-,,,-,,,,,-,,,-,,,,,-,-,,,,,,,-,,,,,,,,,,,,,,,
2003.05,-,-,-,,,,,,-,-,-,-,,-,,-,,,-,-,,,,,-,,,-,,,-,,,,,-,,,-,,,,,-,-,,,,,,,-,,,,,,,,,,,,,,,
2003.07,-,-,-,,,,,,-,-,-,-,,-,,-,,,-,-,,,,,-,,,-,,,-,,,,,-,,,-,,,,,-,-,,,,,,,-,,,,,,,,,,,,,,,
2003.09,-,-,-,,,,,,-,-,-,-,,-,,-,,,-,-,,,,,-,,,-,,,-,,,,,-,,,-,,,,,-,-,,,,,,,-,,,,,,,,,,,,,,,
2003.11,-,-,-,,,,,,-,-,-,-,,-,,-,,,-,-,,,,,-,,,-,,,-,,,,,-,,,-,,,,,-,-,,,,,,,-,,,,,,,,,,,,,,,
2004.01,-,-,-,,,,,,-,-,-,-,,-,,-,,,-,-,,,,,-,,,Kise[2]-8-0-Maegashira #1 Higonoumi-HB-37--Mihogaseki[2]-,,,-,,,,,-,,,-,,,,,-,-,,,,,,,-,,,,,,,,,,,,,,,
2004.03,-,-,-,,,,,,-,-,-,-,,Shikoroyama-3-0-Sekiwake Terao-HB-79--Izutsu[3]-,,-,,,-,-,,,,,-,,,Kise[2]-12-0-Maegashira #1 Higonoumi--37-,,,-,,,,,-,,,-,,,,,-,-,,,,,,,-,,,,,,,,,,,,,,,
2004.05,-,-,-,,,,,,-,-,-,-,,Shikoroyama-4-0-Sekiwake Terao--79-,,-,,,-,-,,,,,-,,,Kise[2]-13-0-Maegashira #1 Higonoumi--37-,,,-,,,,,-,,,-,,,,,-,-,,,,,,,-,,,,,,,,,,,,,,,
2004.07,-,-,-,,,,,,-,-,-,-,,Shikoroyama-6-0-Sekiwake Terao--79-,,-,,,-,-,,,,,-,,,-,,,-,,,,,-,,,-,,,,,-,-,,,,,,,-,,,,,,,,,,,,,,,
2004.09,-,-,-,,,,,,-,-,-,-,,-,,-,,,-,-,,,,,-,,,-,,,-,,,,,-,,,-,,,,,-,-,,,,,,,-,,,,,,,,,,,,,,,
2004.11,-,-,-,,,,,,-,-,-,-,,-,,-,,,-,-,,,,,-,,,-,,,-,,,,,-,,,Oshiogawa[2]-9-2-Ozeki Daikirin--68-,,,,,-,-,,,,,,,-,,,,,,,,,,,,,,,
2005.01,-,-,-,,,,,,-,-,-,-,,-,,-,,,-,-,,,,,-,,,-,,,-,,,,,-,,,Oshiogawa[2]-8-2-Ozeki Daikirin--68-,,,,,-,Oguruma-14-2-Ozeki Kotokaze--61-,,,,,,,-,,,,,,,,,,,,,,,
2005.03,-,-,-,,,,,,-,-,-,-,,-,,-,,,-,-,,,,,-,,,-,,,-,,,,,-,,,Oshiogawa[2]-8-2-Ozeki Daikirin-HS-68--Oguruma-,,,,,-,Oguruma-15-2-Ozeki Kotokaze--61-,,,,,,,-,,,,,,,,,,,,,,,
2005.05,-,-,-,,,,,,-,-,-,-,,-,,-,,,-,-,,,,,-,,,-,,,-,,,,,-,,,-,,,,,-,Oguruma-20-3-Ozeki Kotokaze-HM-61--Oshiogawa[2],,,,,,,-,,,,,,,,,,,,,,,
2005.07,-,-,-,,,,,,-,-,-,-,,-,,-,,,-,-,,,,,-,,,-,,,-,,,,,-,,,-,,,,,-,,,,,,,,-,,,,,,,,,,,,,,,
2005.09,-,-,-,,,,,,-,-,-,-,,-,,-,,,-,-,,,,,-,,,-,,,-,,,,,-,,,-,,,,,-,,,,,,,,-,,,,,,,,,,,,,,,
2005.11,-,-,-,,,,,,-,-,-,-,,-,,-,,,-,-,,,,,-,,,-,,,-,,,,,-,,,-,,,,,-,,,,,,,,-,,,,,,,,,,,,,,,
2006.01,-,-,-,,,,,,-,-,-,-,,-,,-,,,-,-,,,,,-,,,-,,,-,,,,,-,,,-,,,,,-,,,,,,,,-,,,,,,,,,,,,,,,
2006.03,-,-,-,,,,,,-,-,Yamahibiki-19-1-Yokozuna Kitanoumi--107-Kitanoumi,-,,-,,-,,,-,-,,,,,-,,,-,,,-,,,,,-,,,-,,,,,-,,,,,,,,-,,,,,,,,,,,,,,,
2006.05,-,-,-,,,,,,-,-,Yamahibiki-19-1-Yokozuna Kitanoumi--107-Kitanoumi,-,,-,,-,,,-,-,,,,,-,,,-,,,-,,,,,-,,,-,,,,,-,,,,,,,,-,,,,,,,,,,,,,,,
2006.07,-,-,-,,,,,,-,-,Yamahibiki-30-2-Yokozuna Kitanoumi-HM-107-Kitanoumi-Hatachiyama,-,,-,,-,,,-,-,,,,,-,,,-,,,-,,,,,-,,,-,,,,,-,,,,,,,,-,,,,,,,,,,,,,,,
2006.09,-,-,-,,,,,,-,-,,-,,-,,-,,,-,Isegahama[2]-2-0-Ozeki Kiyokuni--24-,,,,,-,,,Onoe-6-2-Komusubi Hamanoshima-HB-64--Mihogaseki[2]-,,,-,,,,,-,,,-,,,,,-,,,,,,,,-,,,,,,,,,,,,,,,
2006.11,-,-,-,,,,,,-,-,,Kiriyama[2]-7-0-Komusubi Kurosegawa--36-,,-,,-,,,-,Isegahama[2]-2-0-Maegashira #1 Katsuhikari-HT-24-,,,,,-,,,Onoe-6-2-Komusubi Hamanoshima--64-,,,-,,,,,-,,,-,,,,,-,,,,,,,,-,,,,,,,,,,,,,,,
2007.01,-,-,-,,,,,,-,-,,Kiriyama[2]-7-0-Komusubi Kurosegawa--36-,,-,,-,,,-,Isegahama[2]-2-0-Maegashira #1 Katsuhikari-HS-24--Kiriyama[2]-,,,,,-,,,Onoe-8-2-Komusubi Hamanoshima--64-,,,-,,,,,-,,,-,,,,,-,,,,,,,,-,,,,,,,,,,,,,,,
2007.03,-,-,-,,,,,,-,-,,Kiriyama[2]-9-0-Komusubi Kurosegawa-HM-36--Isegahama[2],,-,,-,,,-,-,,,,,-,,,-,,,-,,,,,-,,,-,,,,,-,,,,,,,,-,,,,,,,,,,,,,,,
2007.05,-,-,-,,,,,,-,-,,,,-,,-,,,-,-,,,,,-,,,-,,,-,,,,,-,,,-,,,,,-,,,,,,,,-,,,,,,,,,,,,,,,
2007.07,-,-,-,,,,,,-,-,,,,-,,-,,,-,-,,,,,-,,,-,,,-,,,,,-,,,-,,,,,-,,,,,,,,-,,,,,,,,,,,,,,,
2007.09,-,-,-,,,,,,-,-,,,,-,,-,,,-,-,,,,,-,,,-,,,-,,,,,-,,,-,,,,,-,,,,,,,,-,,,,,,,,,,,,,,,
2007.11,-,-,-,,,,,,-,-,,,,-,,-,,,-,-,,,,,-,,,-,,,-,,,,,-,,,-,,,,,-,,,,,,,,-,,,,,,,,,,,,,,,
2008.01,-,-,-,,,,,,-,-,,,,-,,-,,,-,-,,,,,-,,,-,,,-,,,,,-,,,-,,,,,-,,,,,,,,-,,,,,,,,,,,,,,,
2008.03,-,-,-,,,,,,-,-,,,,-,,-,,,-,-,,,,,-,,,-,,,-,,,,,-,,,-,,,,,-,,,,,,,,-,,,,,,,,,,,,,,,
2008.05,-,-,-,,,,,,Araiso-3-0-Komusubi Futagodake--2-,-,,,,-,,-,,,-,-,,,,,-,,,-,,,-,,,,,-,,,-,,,,,-,,,,,,,,-,,,,,,,,,,,,,,,
2008.07,Hanakago[3]-10-1-Sekiwake Daijuyama--17-,-,-,,,,,,Araiso-3-0-Komusubi Futagodake--2-,-,,,,-,,-,,,-,-,,,,,-,,,-,,,-,,,,,-,,,-,,,,,-,,,,,,,,-,,,,,,,,,,,,,,,
2008.09,Hanakago[3]-10-1-Sekiwake Daijuyama--17-,-,-,,,,,,Araiso-3-0-Komusubi Futagodake-HS-2--Hanakago[3]-,-,,,,-,,-,,,-,-,,,,,-,,,-,,,-,,,,,-,,,-,,,,,-,,,,,,,,-,,,,,,,,,,,,,,,
2008.11,Hanakago[3]-11-1-Sekiwake Daijuyama-HM-17--Araiso,-,-,,,,,,-,-,,,,-,,-,,,-,-,,,,,-,,,-,,,-,,,,,-,,,-,,,,,-,,,,,,,,-,,,,,,,,,,,,,,,
2009.01,,-,-,,,,,,-,-,,,,-,,-,,,-,-,,,,,-,,,-,,,-,,,,,-,,,-,,,,,-,,,,,,,,-,,,,,,,,,,,,,,,
2009.03,,-,-,,,,,,-,-,,,,-,,-,,,-,-,,,,,-,,,-,,,-,,,,,-,,,-,,,,,-,,,,,,,,-,,,,,,,,,,,,,,,
2009.05,,-,-,,,,,,-,-,,,,-,,-,,,-,-,,,,,-,,,-,,,-,,,,,-,,,-,,,,,-,,,,,,,,-,,,,,,,,,,,,,,,
2009.07,,-,-,,,,,,-,-,,,,-,,-,,,-,-,,,,,-,,,-,,,-,,,,,-,,,-,,,,,-,,,,,,,,-,,,,,,,,,,,,,,,
2009.09,,-,-,,,,,,-,-,,,,-,,-,,,-,-,,,,,-,,,-,,,-,,,,,-,,,-,,,,,-,,,,,,,,-,,,,,,,,,,,,,,,
2009.11,,-,-,,,,,,-,-,,,,-,,-,,,-,-,,,,,-,,,-,,,-,,,,,-,,,-,,,,,-,,,,,,,,-,,,,,,,,,,,,,,,
2010.01,,-,-,,,,,,-,-,,,,-,,-,,,-,-,,,,,-,,,-,,,-,,,,,-,,,-,,,,,-,,,,,,,,-,,,,,,,,,,,,,,,
2010.03,,-,-,,,,,,-,-,,,,-,,-,,,-,-,,,,,-,,,-,,,-,,,,,-,,,-,,,,,-,,,,,,,,-,,,,,,,,,,,,,,,
2010.05,,-,-,,,,,,-,-,,,,-,,-,,,-,-,,,,,-,,,-,,,-,,,,,-,,,-,,,,,-,,,,,,,,-,,,,,,,,,,,,,,,
2010.07,,-,-,,,,,,-,-,,,,-,,-,,,-,-,,,,,-,,,-,,,-,,,,,-,,,-,,,,,-,,,,,,,,-,,,,,,,,,,,,,,,
2010.09,,Kiriyama[2]-6-1-Komusubi Kurosegawa--36-,-,,,,,,-,-,,,,-,,-,,,-,-,,,,,-,,,-,,,-,,,,,-,,,-,,,,,-,,,,,,,,-,,,,,,,,,,,,,,,
2010.11,,Kiriyama[2]-5-1-Komusubi Kurosegawa--36-,-,,,,,,-,-,,,,-,,-,,,-,Asahiyama[1]-8-0-Ozeki Daiju--4-,,,,,-,,,-,,,-,,,,,-,,,-,,,,,-,,,,,,,,-,,,,,,,,,,,,,,,
2011.01,,Kiriyama[2]-5-1-Komusubi Kurosegawa-HS-36--Asahiyama[1]-,-,,,,,,-,-,,,,-,,-,,,-,Asahiyama[1]-8-0-Ozeki Daiju--4-,,,,,-,,,-,,,-,,,,,-,,,-,,,,,-,,,,,,,,-,,,,,,,,,,,,,,,
2011.05,,-,-,,,,,,-,-,,,,-,,-,,,-,Asahiyama[1]-12-1-Ozeki Daiju-HM-4--Kiriyama[2],,,,,-,,,-,,,-,,,,,-,,,-,,,,,-,,,,,,,,-,,,,,,,,,,,,,,,
2011.07,,-,-,,,,,,-,-,,,,-,,-,,,-,,,,,,-,,,-,,,-,,,,,-,,,-,,,,,-,,,,,,,,-,,,,,,,,,,,,,,,
2011.09,,-,-,,,,,,-,-,,,,-,,-,,,-,,,,,,-,,,-,,,-,,,,,-,,,-,,,,,-,,,,,,,,-,,,,,,,,,,,,,,,
2011.11,,-,-,,,,,,-,-,,,,-,,-,,,-,,,,,,-,,,-,,,-,,,,,-,,,-,,,,,-,,,,,,,,-,,,,,,,,,,,,,,,
2012.01,,-,-,,,,,,-,-,,,,-,,-,,,-,,,,,,-,,,-,,,Hanakago[3]-11-0-Sekiwake Daijuyama--17-,,,,,-,,,-,,,,,-,,,,,,,,-,,,,,,,,,,,,,,,
2012.03,,-,-,,,,,,Minezaki-6-0-Maegashira #2 Misugiiso--50-,-,,,,-,,-,,,-,,,,,,-,,,-,,,Hanakago[3]-11-1-Sekiwake Daijuyama--17-,,,,,-,,,-,,,,,Oshima[2]-6-1-Sekiwake Kaiki--99-Tomozuna,,,,,,,,-,,,,,,,,,,,,,,,
2012.05,,-,-,,,,,,Minezaki-6-0-Maegashira #2 Misugiiso--50-,-,,,,-,,-,,,-,,,,,,-,,,-,,,Hanakago[3]-10-0-Sekiwake Daijuyama-HS-17--Minezaki-,,,,,-,,,-,,,,,Oshima[2]-8-1-Sekiwake Kaiki--99-Tomozuna,,,,,,,,-,,,,,,,,,,,,,,,
2012.07,,-,Nakamura[2]-7-0-Sekiwake Fujizakura--55-,,,,,,Minezaki-14-0-Maegashira #2 Misugiiso-HM-50--Hanakago[3],-,,,,-,,-,,,-,,,,,,-,,,-,,,-,,,,,-,,,-,,,,,Oshima[2]-15-4-Sekiwake Kaiki-HM-99-Tomozuna-Oshima[1],,,,,,,,-,,,,,,,,,,,,,,,
2012.09,,-,Nakamura[2]-7-0-Sekiwake Fujizakura--55-,,,,,,,-,,,,-,,-,,,-,,,,,,-,,,-,,,-,,,,,Azumazeki-7-1-Maegashira #10 Ushiomaru--6-,,,-,,,,,,,,,,,,,-,,,,,,,,,,,,,,,
2012.11,,-,Nakamura[2]-7-0-Sekiwake Fujizakura-HS-55--Azumazeki-,,,,,,,Shibatayama-6-0-Yokozuna Onokuni--77-,,,,-,,-,,,-,,,,,,-,,,-,,,-,,,,,Azumazeki-5-1-Maegashira #10 Ushiomaru--6-,,,-,,,,,,,,,,,,,-,,,,,,,,,,,,,,,
2013.01,,-,-,,,,,,,Shibatayama-6-0-Yokozuna Onokuni--77-,,,,-,,-,,,-,,,,,,Isegahama[3]-18-4-Yokozuna Asahifuji--24-,,,-,,,-,,,,,Azumazeki-10-1-Maegashira #10 Ushiomaru-HM-6--Nakamura[2],,,-,,,,,,,,,,,,,-,,,,,,,,,,,,,,,
2013.03,,-,-,,,,,,,Shibatayama-12-0-Yokozuna Onokuni-HM-77--Hanaregoma[1],,,,-,,-,,,-,,,,,,Isegahama[3]-19-4-Yokozuna Asahifuji--24-,,,-,,,-,,,,,,,,-,,,,,,,,,,,,,-,,,,,,,,,,,,,,,
2013.05,,-,-,,,,,,,,,,,-,,-,,,-,,,,,,Isegahama[3]-22-4-Yokozuna Asahifuji-HM-24--Magaki[3],,,-,,,-,,,,,,,,-,,,,,,,,,,,,,-,,,,,,,,,,,,,,,
2013.07,,-,-,,,,,,,,,,,-,,-,,,-,,,,,,,,,Kasugano-21-5-Sekiwake Tochinowaka--31-,,,-,,,,,,,,-,,,,,,,,,,,,,-,,,,,,,,,,,,,,,
2013.09,,-,-,,,,,,,,,,,-,,-,,,-,,,,,,,,,Kasugano-21-4-Sekiwake Tochinowaka--31-,,,-,,,,,,,,-,,,,,,,,,,,,,-,,,,,,,,,,,,,,,
2013.11,,-,-,,,,,,,,,,,-,,-,,,-,,,,,,,,,Kasugano-27-6-Sekiwake Tochinowaka-HM-31--Mihogaseki[2],,,-,,,,,,,,-,,,,,,,,,,,,,-,,,,,,,,,,,,,,,
2014.01,,-,-,,,,,,,,,,,-,,-,,,-,,,,,,,,,,,,-,,,,,,,,-,,,,,,,,,,,,,-,,,,,,,,,,,,,,,
2014.03,,-,-,,,,,,,,,,,-,,-,,,-,,,,,,,,,,,,-,,,,,,,,-,,,,,,,,,,,,,-,,,,,,,,,,,,,,,
2014.05,,-,-,,,,,,,,,,,-,,-,,,-,,,,,,,,,,,,-,,,,,,,,-,,,,,,,,,,,,,-,,,,,,,,,,,,,,,
2014.07,,-,-,,,,,,,,,,,-,,-,,,-,,,,,,,,,,,,-,,,,,,,,-,,,,,,,,,,,,,-,,,,,,,,,,,,,,,
2014.09,,-,-,,,,,,,,,,,-,,-,,,-,,,,,,,,,,,,-,,,,,,,,-,,,,,,,,,,,,,-,,,,,,,,,,,,,,,
2014.11,,Isegahama[3]-23-5-Yokozuna Asahifuji--24-,-,,,,,,,,,,,-,,-,,,-,,,,,,,,,,,,-,,,,,,,,-,,,,,,,,,,,,,-,,,,,,,,,,,,,,,
2015.01,,Isegahama[3]-23-5-Yokozuna Asahifuji--24-,-,,,,,,,,,,,-,,-,,,-,,,,,,,,,,,,-,,,,,,,,-,,,,,,,,,,,,,-,,,,,,,,,,,,,,,
2015.03,,Isegahama[3]-28-5-Yokozuna Asahifuji-HM-24--Asahiyama[1],-,,,,,,,,,,,-,,-,,,-,,,,,,,,,,,,-,,,,,,,,-,,,,,,,,,,,,,-,,,,,,,,,,,,,,,
2015.05,,,-,,,,,,,,,,,-,,-,,,-,,,,,,,,,,,,-,,,,,,,,-,,,,,,,,,,,,,-,,,,,,,,,,,,,,,
2015.07,,,-,,,,,,,,,,,-,,-,,,-,,,,,,,,,,,,-,,,,,,,,-,,,,,,,,,,,,,-,,,,,,,,,,,,,,,
2015.09,,,-,,,,,,,,,,,-,,-,,,-,,,,,,,,,,,,-,,,,,,,,-,,,,,,,,,,,,,-,,,,,,,,,,,,,,,
2015.11,,,-,,,,,,,,,,,-,,-,,,-,,,,,,,,,,,,-,,,,,,,,-,,,,,,,,,,,,,-,,,,,,,,,,,,,,,
2016.01,,,-,,,,,,,,,,,-,,-,,,-,,,,,,,,,,,,-,,,,,,,,-,,,,,,,,,,,,,-,,,,,,,,,,,,,,,
2016.03,,,-,,,,,,,,,,,-,,-,,,-,,,,,,,,,,,,-,,,,,,,,-,,,,,,,,,,,,,-,,,,,,,,,,,,,,,
2016.05,,,-,,,,,,,,,,,-,,-,,,-,,,,,,,,,,,,-,,,,,,,,-,,,,,,,,,,,,,-,,,,,,,,,,,,,,,
2016.07,,,-,,,,,,,,,,,-,,-,,,Oitekaze[4]-18-4-Maegashira #2 Daishoyama--62-,,,,,,,,,,,,-,,,,,,,,Asahiyama[2]-3-0-Sekiwake Kotonishiki-HB-4--Oguruma-,,,,,,,,,,,,,-,,,,,,,,,,,,,,,
2016.09,,,-,,,,,,,,,,,-,,-,,,Oitekaze[4]-18-4-Maegashira #2 Daishoyama--62-,,,,,,,,,,,,-,,,,,,,,Asahiyama[2]-3-0-Sekiwake Kotonishiki--4-,,,,,,,,,,,,,-,,,,,,,,,,,,,,,
2016.11,,,-,,,,,,,,,,,-,,-,,,Oitekaze[4]-41-5-Maegashira #2 Daishoyama-HM-62--Kasugayama[3],,,,,,,,,,,,-,,,Oitekaze[4]-41-5-Maegashira #2 Daishoyama-HM-62--Kasugayama[3],,,,,Asahiyama[2]-3-0-Sekiwake Kotonishiki--4-,,,,,,,,,,,,,-,,,,,,,,,,,,,,,
2017.01,,,-,,,,,,,,,,,-,,-,,,,,,,,,,,,,,,-,,,Oitekaze[4]-29-5-Maegashira #2 Daishoyama--62-,,,,,-,,,,,,,,,,,,,-,,,,,,,,,,,,,,,
2017.03,,,-,,,,,,,,,,,-,,-,,,,,,,,,,,,,,,-,,,Oitekaze[4]-18-5-Maegashira #2 Daishoyama-BO-62--Maegashira #14 Asahisato-Nakagawa[4]-,,,,,-,,,,,,,,,,,,,-,,,,,,,,,,,,,,,
2017.05,,,-,,,,,,,,,,,-,,-,,,,,,,,,,,,,,,-,,,-,,,,,-,,,,,,,,,,,,,-,,,,,,,,,,,,,,,
2017.07,,,-,,,,,,,,,,,-,,-,,,,,,,,,,,,,,,-,,,,,,,,-,,,,,,,,,,,,,-,,,,,,,,,,,,,,,
2017.09,,,-,,,,,,,,,,,-,,-,,,,,,,,,,,,,,,-,,,,,,,,-,,,,,,,,,,,,,-,,,,,,,,,,,,,,,
2017.11,,,-,,,,,,,,,,,-,,-,,,,,,,,,,,,,,,-,,,,,,,,-,,,,,,,,,,,,,-,,,,,,,,,,,,,,,
2018.01,,,-,,,,,,,,,,,-,,-,,,,,,,,,,,,,,,-,,,,,,,,-,,,,,,,,,,,,,-,,,,,,,,,,,,,,,
2018.03,,,-,,,,,,,,,,,-,,-,,,,,,,,,,,,,,,-,,,,,,,,-,,,,,,,,,,,,,-,,,,,,,,,,,,,,,
2018.05,,,-,,,,,,,,,,,-,,-,,,,,,,,,,,,,,,-,,,,,,,,-,,,,,,,,,,,,,-,,,,,,,,,,,,,,,
2018.07,,,-,,,,,,,,,,,-,,-,,,,,,,,,,,,,,,-,,,,,,,,-,,,,,,,,,,,,,Tokiwayama-11-1-Komusubi Takamisugi--7-Chiganoura,,,,,,,,,,,,,,,
2018.09,,,-,,,,,,,,,,,-,,-,,,,,,,,,,,,,,,-,,,,,,,,-,,,,,,,,,,,,,Tokiwayama-11-1-Komusubi Takamisugi--7-Chiganoura,,,,,,,,,,,,,,,
2018.11,,,-,,,,,,,,,,,-,,-,,,,,,,,,,,,,,,-,,,,,,,,-,,,,,,,,,,,,,Tokiwayama-18-4-Komusubi Takamisugi-HM-7-Chiganoura-Takanohana,,,,,,,,,,,,,,,
2019.01,,,-,,,,,,,,,,,-,,-,,,,,,,,,,,,,,,-,,,,,,,,-,,,,,,,,,,,,,,,,,,,,,,,,,,,,
2019.03,,,-,,,,,,,,,,,-,,-,,,,,,,,,,,,,,,-,,,,,,,,-,,,,,,,,,,,,,,,,,,,,,,,,,,,,
2019.05,,,-,,,,,,,,,,,-,,-,,,,,,,,,,,,,,,-,,,,,,,,-,,,,,,,,,,,,,,,,,,,,,,,,,,,,
2019.07,,,-,,,,,,,,,,,Michinoku[2]-12-1-Ozeki Kirishima--46-,,-,,,,,,,,,,,,,,,-,,,,,,,,-,,,,,,,,,,,,,,,,,,,,,,,,,,,,
2019.09,,,-,,,,,,,,,,,Michinoku[2]-12-1-Ozeki Kirishima--46-,,-,,,,,,,,,,,,,,,-,,,,,,,,-,,,,,,,,,,,,,,,,,,,,,,,,,,,,
2019.11,,,-,,,,,,,,,,,Michinoku[2]-15-2-Ozeki Kirishima-HM-46--Izutsu[3],,-,,,,,,,,,,,,,,,-,,,,,,,,-,,,,,,,,,,,,,,,,,,,,,,,,,,,,
2020.01,,,-,,,,,,,,,,,,,-,,,,,,,,,,,,,,,-,,,,,,,,-,,,,,,,,,,,,,,,,,,,,,,,,,,,,
2020.03,,,-,,,,,,,,,,,,,-,,,,,,,,,,,,,,,-,,,,,,,,-,,,,,,,,,,,,,,,,,,,,,,,,,,,,
2020.07,,,-,,,,,,,,,,,,,-,,,,,,,,,,,,,,,-,,,,,,,,-,,,,,,,,,,,,,,,,,,,,,,,,,,,,
2020.09,,,-,,,,,,,,,,,,,-,,,,,,,,,,,,,,,-,,,,,,,,-,,,,,,,,,,,,,,,,,,,,,,,,,,,,
2020.11,,,-,,,,,,,,,,,,,-,,,,,,,,,,,,,,,-,,,,,,,,-,,,,,,,,,,,,,,,,,,,,,,,,,,,,
2021.01,,,Hakkaku-24-2-Yokozuna Hokutoumi--15-,,,,,,,,,,,,,-,,,,,,,,,,,,,,,Shibatayama-8-0-Yokozuna Onokuni--77-,,,,,,,,-,,,,,,,,,,,,,,,,,,,,,,,,,,,,
2021.03,,,Hakkaku-25-2-Yokozuna Hokutoumi--15-,,,,,,,,,,,,,-,,,,,,,,,,,,,,,Shibatayama-8-0-Yokozuna Onokuni--77-,,,,,,,,-,,,,,,,,,,,,,,,,,,,,,,,,,,,,
2021.05,,,Hakkaku-30-2-Yokozuna Hokutoumi-HM-15--Azumazeki,,,,,,,,,,,,,Isenoumi[3]-11-1-Maegashira #3 Kitakachidoki--25-,,,,,,,,,,,,,,,Shibatayama-13-0-Yokozuna Onokuni-HM-77--Minezaki,,,,,,,,-,,,,,,,,,,,,,,,,,,,,,,,,,,,,
2021.07,,,,,,,,,,,,,,,,Isenoumi[3]-11-1-Maegashira #3 Kitakachidoki--25-,,,,,,,,,,,,,,,,,,,,,,,-,,,,,,,,,,,,,,,,,,,,,,,,,,,,
2021.09,,,,,,,,,,,,,,,,Isenoumi[3]-12-1-Maegashira #3 Kitakachidoki-HM-25--Kagamiyama,,,,,,,,,,,,,,,,,,,,,,,-,,,,,,,,,,,,,,,,,,,,,,,,,,,,
2021.11,,,,,,,,,,,,,,,,,,,,,,,,,,,,,,,,,,,,,,,Nishonoseki[3]-4-0-Yokozuna Kisenosato--2-Araiso,,,,,,,,,,,,,,,,,,,,,,,,,,,,
2022.01,,,,,,,,,,,,,,,,,,,,,,,,,,,,,,,,,,,,,,,Nishonoseki[3]-5-0-Yokozuna Kisenosato--60-,,,,,,,,,,,,,,,,,,,,,,,,,,,,
2022.03,,,,,,,,,,,,,,,,,,,,,,,,,,,,,,,,,,,,,,,Nishonoseki[3]-17-0-Yokozuna Kisenosato-HM-60--Oguruma,,,,,,,,,,,,,,,,,,,,,,,,,,,,
2022.05,,,,,,,,,,,,,,,,,,,,,,,,,,,,,,,,,,,,,,,,,,,,,,,,,,,,,,,,,,,,,,,,,,,
2022.07,,,,,,,,,,,,,,,,,,,,,,,,,,,,,,,,,,,,,,,,,,,,,,,,,,,,,,,,,,,,,,,,,,,
